Марка;Ссилка;Ціна в долларах;Ціна в гривнях;Місто
Renault Express 2021Intense 1.5D МТ (95 к.с);https://auto.ria.com/newauto/auto-renault-express-1862941.html;   20 281 $   ;551 500 грн;Одеса 
Renault Megane 2020Life New 1.6 МТ (115 к.с);https://auto.ria.com/newauto/auto-renault-megane-1858671.html;   17 574 $   ;477 901 грн;Львів 
Renault Lodgy 2021Expression 1.5D МТ (90 к.с) 7s;https://auto.ria.com/newauto/auto-renault-lodgy-1862849.html;   21 174 $   ;575 799 грн;Одеса 
Renault Logan 2021Zen New 1.5d MT (90 к.с);https://auto.ria.com/newauto/auto-renault-logan-1860481.html;   15 223 $   ;413 960 грн;Чернівці 
Renault Kadjar 2021Intense 1.5 DCi EDC6 (110 к.с);https://auto.ria.com/newauto/auto-renault-kadjar-1861705.html;   29 675 $   ;806 965 грн;Херсон 
Renault Arkana 2020Intense 1.3 TCe CVT (150 к.с) 4WD;https://auto.ria.com/newauto/auto-renault-arkana-1858938.html;   24 922 $   ;677 722 грн;Львів 
Renault Megane 2020Life New 1.6 МТ (115 к.с);https://auto.ria.com/newauto/auto-renault-megane-1861820.html;   17 729 $   ;482 100 грн;Херсон 
Renault Sandero StepWay 2021Life+ 1.5DСi 5МТ (90 к.с);https://auto.ria.com/newauto/auto-renault-sandero-stepway-1861490.html;   15 324 $   ;416 700 грн;Київ 
Renault Sandero 2020Ultramarine base;https://auto.ria.com/newauto/auto-renault-sandero-1855870.html;   16 114 $   ;438 200 грн;Київ 
Renault Duster 2021Life 1.6 MT (115 к.с);https://auto.ria.com/newauto/auto-renault-duster-1861491.html;   17 144 $   ;466 200 грн;Київ 
Renault Sandero StepWay 2021Life+ 0.9TCe 5РКП (90 к.с);https://auto.ria.com/newauto/auto-renault-sandero-stepway-1861043.html;   15 202 $   ;413 400 грн;Житомир 
Renault Megane 2020Intense New 1.5D AТ (110 к.с);https://auto.ria.com/newauto/auto-renault-megane-1860359.html;   24 719 $   ;672 197 грн;Івано-Франківськ 
Renault Arkana 2021Zen 1.6i MT (114 к.с);https://auto.ria.com/newauto/auto-renault-arkana-1861825.html;   20 001 $   ;543 900 грн;Херсон 
Renault Kadjar 2021Intense 1.5 DCi EDC6 (110 к.с);https://auto.ria.com/newauto/auto-renault-kadjar-1854380.html;   29 673 $   ;806 900 грн;Харків 
Renault Duster 2021Life 1.6 MT (115 к.с);https://auto.ria.com/newauto/auto-renault-duster-1861796.html;   17 136 $   ;466 000 грн;Черкаси 
Renault Arkana 2020Intense+ 1.3 TCe CVT (150 к.с);https://auto.ria.com/newauto/auto-renault-arkana-1852758.html;   28 378 $   ;771 700 грн;Харків 
Renault Dokker пасс. 2021Expression 1.6 МТ (84 к.с);https://auto.ria.com/newauto/auto-renault-dokker-pass-1859904.html;   17 284 $   ;470 000 грн;Черкаси 
Renault Sandero StepWay 2021Ultramarine 1.5DСi 5МТ (90 к.с);https://auto.ria.com/newauto/auto-renault-sandero-stepway-1860364.html;   15 665 $   ;425 999 грн;Івано-Франківськ 
Renault Sandero 2021Life+ 1.5DCi 5MT (90 к.с);https://auto.ria.com/newauto/auto-renault-sandero-1862905.html;   14 297 $   ;388 799 грн;Одеса 
Renault Sandero StepWay 2021Life+ 1.5DСi 5МТ (90 к.с);https://auto.ria.com/newauto/auto-renault-sandero-stepway-1858708.html;   15 691 $   ;426 699 грн;Київ 
Renault Sandero StepWay 2020Ultramarine 1.5DСi 5МТ (90 к.с);https://auto.ria.com/newauto/auto-renault-sandero-stepway-1862844.html;   15 261 $   ;415 000 грн;Кропивницький (Кіровоград) 
Renault Express Van 2021Zen 1.5D МТ (95 к.с);https://auto.ria.com/newauto/auto-renault-express-van-1862394.html;   17 912 $   ;487 100 грн;Львів 
Renault Arkana 2020Intense 1.3 TCe CVT (150 к.с) 4WD;https://auto.ria.com/newauto/auto-renault-arkana-1858292.html;   26 400 $   ;717 899 грн;Одеса 
Renault Arkana 2020Intense+ 1.3 TCe CVT (150 к.с) 4WD;https://auto.ria.com/newauto/auto-renault-arkana-1854795.html;   28 382 $   ;771 799 грн;Чернігів 
Renault Express Van 2021Zen 1.5D МТ (95 к.с);https://auto.ria.com/newauto/auto-renault-express-van-1862383.html;   18 395 $   ;500 232 грн;Чернігів 
Renault Duster 2021Life 1.6 MT (115 к.с);https://auto.ria.com/newauto/auto-renault-duster-1860357.html;   17 144 $   ;466 200 грн;Івано-Франківськ 
Renault Megane 2020Life New 1.6 МТ (115 к.с);https://auto.ria.com/newauto/auto-renault-megane-1844459.html;   17 729 $   ;482 100 грн;Одеса 
Renault Sandero 2020Life+ 1.5DCi 5MT (90 к.с);https://auto.ria.com/newauto/auto-renault-sandero-1856936.html;   14 197 $   ;386 079 грн;Миколаїв 
Renault Megane 2020Intense New 1.5D AТ (110 к.с);https://auto.ria.com/newauto/auto-renault-megane-1862567.html;   24 271 $   ;660 000 грн;Кропивницький (Кіровоград) 
Renault Megane 2020Life New 1.6 МТ (115 к.с);https://auto.ria.com/newauto/auto-renault-megane-1852757.html;   17 729 $   ;482 100 грн;Харків 
Renault Logan 2021Zen New 1.5d MT (90 к.с);https://auto.ria.com/newauto/auto-renault-logan-1859189.html;   14 855 $   ;403 966 грн;Одеса 
Renault Kadjar 2021Zen 1.5 DCi EDC6 (110 к.с);https://auto.ria.com/newauto/auto-renault-kadjar-1861528.html;   27 641 $   ;751 665 грн;Кропивницький (Кіровоград) 
Renault Arkana 2021Life 1.6i MT (114 к.с);https://auto.ria.com/newauto/auto-renault-arkana-1862382.html;   19 416 $   ;528 000 грн;Черкаси 
Renault Kadjar 2021Zen 1.5 DCi EDC6 (110 к.с);https://auto.ria.com/newauto/auto-renault-kadjar-1858771.html;   27 641 $   ;751 664 грн;Львів 
Renault Arkana 2020Intense 1.3 TCe CVT (150 к.с);https://auto.ria.com/newauto/auto-renault-arkana-1861210.html;   24 943 $   ;678 298 грн;Житомир 
Renault Logan 2021Zen New 1.5d MT (90 к.с);https://auto.ria.com/newauto/auto-renault-logan-1858958.html;   15 223 $   ;413 965 грн;Житомир 
Renault Arkana 2020Intense+ 1.3 TCe CVT (150 к.с) 4WD;https://auto.ria.com/newauto/auto-renault-arkana-1860090.html;   28 394 $   ;772 132 грн;Житомир 
Renault Arkana 2020Intense 1.3 TCe CVT (150 к.с);https://auto.ria.com/newauto/auto-renault-arkana-1847224.html;   24 563 $   ;667 965 грн;Житомир 
Renault Sandero StepWay 2021Zen 1.5DСi 5МТ (90 к.с);https://auto.ria.com/newauto/auto-renault-sandero-stepway-1862665.html;   16 852 $   ;458 278 грн;Миколаїв 
Renault Kadjar 2021Zen 1.5 DCi EDC6 (110 к.с);https://auto.ria.com/newauto/auto-renault-kadjar-1861046.html;   27 641 $   ;751 665 грн;Житомир 
Renault Dokker груз. 2021Authentique 1.5D MT (90 к.с);https://auto.ria.com/newauto/auto-renault-dokker-gruz-1860772.html;   18 269 $   ;496 795 грн;Львів 
Renault Sandero StepWay 2021Zen 1.5DСi 5МТ (90 к.с);https://auto.ria.com/newauto/auto-renault-sandero-stepway-1860933.html;   16 240 $   ;441 632 грн;Одеса 
Renault Duster 2021Life 1.6 MT (115 к.с);https://auto.ria.com/newauto/auto-renault-duster-1860929.html;   17 144 $   ;466 200 грн;Одеса 
Renault Arkana 2020Intense 1.3 TCe CVT (150 к.с);https://auto.ria.com/newauto/auto-renault-arkana-1855906.html;   22 759 $   ;618 900 грн;Київ 
Renault Duster 2021Life 1.6 MT (115 к.с);https://auto.ria.com/newauto/auto-renault-duster-1858579.html;   17 144 $   ;466 197 грн;Львів 
Renault Sandero 2021Life+ 0.9TCe 5РКП (90 к.с);https://auto.ria.com/newauto/auto-renault-sandero-1858842.html;   13 809 $   ;375 502 грн;Львів 
Renault Logan 2021Life+ New 1.0 MT (73 к.с);https://auto.ria.com/newauto/auto-renault-logan-1858615.html;   12 227 $   ;332 501 грн;Львів 
Renault Sandero StepWay 2021Zen 0.9TCe 5РКП (90 к.с);https://auto.ria.com/newauto/auto-renault-sandero-stepway-1862569.html;   16 608 $   ;451 631 грн;Чернівці 
Renault Sandero 2021Life+ 0.9TCe 5РКП (90 к.с);https://auto.ria.com/newauto/auto-renault-sandero-1858832.html;   13 808 $   ;375 500 грн;Харків 
Renault Sandero 2021Life+ 1.0 MT (73 к.с);https://auto.ria.com/newauto/auto-renault-sandero-1860016.html;   12 117 $   ;329 499 грн;Житомир 
Renault Sandero StepWay 2021Zen 1.5DСi 5МТ (90 к.с);https://auto.ria.com/newauto/auto-renault-sandero-stepway-1860017.html;   16 726 $   ;454 831 грн;Житомир 
Renault Master груз. 2021TFG 1 223 D6 2.3D MT (125 к.с) L2H2 3500;https://auto.ria.com/newauto/auto-renault-master-gruz-1859064.html;   32 125 $   ;873 593 грн;Львів 
Renault Arkana 2020Intense 1.3 TCe CVT (150 к.с);https://auto.ria.com/newauto/auto-renault-arkana-1861755.html;   24 271 $   ;660 000 грн;Чернівці 
Renault Megane 2020Life New 1.6 МТ (115 к.с);https://auto.ria.com/newauto/auto-renault-megane-1860348.html;   17 725 $   ;482 000 грн;Чернівці 
Renault Dokker пасс. 2021Expression 1.6 МТ (84 к.с);https://auto.ria.com/newauto/auto-renault-dokker-pass-1861879.html;   17 298 $   ;470 400 грн;Херсон 
Renault Duster 2021Life 1.5 D MT (110 к.с);https://auto.ria.com/newauto/auto-renault-duster-1858831.html;   20 147 $   ;547 877 грн;Кропивницький (Кіровоград) 
Renault Sandero StepWay 2020Zen 0.9TCe 5РКП (90 к.с);https://auto.ria.com/newauto/auto-renault-sandero-stepway-1862016.html;   15 756 $   ;428 465 грн;Кропивницький (Кіровоград) 
Renault Megane 2020Life New 1.6 МТ (115 к.с);https://auto.ria.com/newauto/auto-renault-megane-1855904.html;   17 651 $   ;480 000 грн;Київ 
Renault Kadjar 2021Intense 1.5 DCi EDC6 (110 к.с);https://auto.ria.com/newauto/auto-renault-kadjar-1855898.html;   29 419 $   ;799 999 грн;Київ 
Renault Logan 2020Zen New 1.5d MT (90 к.с);https://auto.ria.com/newauto/auto-renault-logan-1829256.html;   12 926 $   ;351 500 грн;Дніпро (Дніпропетровськ) 
Renault Sandero StepWay 2020Ultramarine 0.9TCe 5РКП (90 к.с);https://auto.ria.com/newauto/auto-renault-sandero-stepway-1859090.html;   16 222 $   ;441 135 грн;Кропивницький (Кіровоград) 
Renault Megane 2020Intense New 1.5D AТ (110 к.с);https://auto.ria.com/newauto/auto-renault-megane-1862632.html;   24 282 $   ;660 300 грн;Харків 
Renault Duster 2021Ultramarine 1.5 D MT (110 к.с);https://auto.ria.com/newauto/auto-renault-duster-1858071.html;   21 618 $   ;587 875 грн;Кропивницький (Кіровоград) 
Renault Trafic пасс. 2021Combi 1.6D MT (115 к.с) L2H1;https://auto.ria.com/newauto/auto-renault-trafic-pass-1861861.html;   34 954 $   ;950 527 грн;Одеса 
Renault Kadjar 2021Intense 1.5 DCi EDC6 (110 к.с);https://auto.ria.com/newauto/auto-renault-kadjar-1861860.html;   29 840 $   ;811 465 грн;Одеса 
Renault Arkana 2021Life 1.6i MT (114 к.с);https://auto.ria.com/newauto/auto-renault-arkana-1860355.html;   19 420 $   ;528 099 грн;Івано-Франківськ 
Renault Express Van 2021Zen 1.5D МТ (95 к.с);https://auto.ria.com/newauto/auto-renault-express-van-1862437.html;   17 909 $   ;487 000 грн;Харків 
Renault Duster 2021Ultramarine 1.5 D EDC (110 к.с);https://auto.ria.com/newauto/auto-renault-duster-1856637.html;   23 009 $   ;625 699 грн;Київ 
Renault Sandero StepWay 2021Life+ 1.5DСi 5МТ (90 к.с);https://auto.ria.com/newauto/auto-renault-sandero-stepway-1861792.html;   15 321 $   ;416 630 грн;Черкаси 
Renault Express 2021Intense 1.6 МТ (110 к.с);https://auto.ria.com/newauto/auto-renault-express-1862289.html;   18 681 $   ;508 000 грн;Харків 
Renault Logan 2021Life+ New 1.5d MT (90 к.с);https://auto.ria.com/newauto/auto-renault-logan-1862585.html;   13 941 $   ;379 100 грн;Харків 
Renault Megane 2020Life New 1.6 МТ (115 к.с);https://auto.ria.com/newauto/auto-renault-megane-1848789.html;   17 729 $   ;482 100 грн;Суми 
Renault Logan 2021Life+ New 1.5d MT (90 к.с);https://auto.ria.com/newauto/auto-renault-logan-1861794.html;   14 268 $   ;388 000 грн;Черкаси 
Renault Sandero StepWay 2021Zen 0.9TCe 5РКП (90 к.с);https://auto.ria.com/newauto/auto-renault-sandero-stepway-1858482.html;   16 503 $   ;448 765 грн;Одеса 
Renault Arkana 2020Intense 1.3 TCe CVT (150 к.с) 4WD;https://auto.ria.com/newauto/auto-renault-arkana-1861074.html;   26 870 $   ;730 687 грн;Київ 
Renault Lodgy 2021Intense 1.5D МТ (90 к.с);https://auto.ria.com/newauto/auto-renault-lodgy-1862430.html;   20 770 $   ;564 800 грн;Херсон 
Renault Kadjar 2021Zen 1.5 DCi EDC6 (110 к.с);https://auto.ria.com/newauto/auto-renault-kadjar-1861798.html;   27 639 $   ;751 600 грн;Черкаси 
Renault Trafic пасс. 2020Combi 1.6D MT (140 к.с) L2H1;https://auto.ria.com/newauto/auto-renault-trafic-pass-1855844.html;   34 310 $   ;933 000 грн;Київ 
Renault Sandero 2021Life+ 1.0 MT (73 к.с);https://auto.ria.com/newauto/auto-renault-sandero-1858132.html;   11 723 $   ;318 800 грн;Кропивницький (Кіровоград) 
Renault Logan 2021Life+ New 1.0 MT (73 к.с);https://auto.ria.com/newauto/auto-renault-logan-1860810.html;   12 584 $   ;342 199 грн;Одеса 
Renault Sandero 2021Life+ 1.0 MT (73 к.с);https://auto.ria.com/newauto/auto-renault-sandero-1850679.html;   11 749 $   ;319 500 грн;Одеса 
Renault Arkana 2021Zen 1.6 CVT (114 к.с);https://auto.ria.com/newauto/auto-renault-arkana-1856638.html;   22 374 $   ;608 431 грн;Київ 
Renault Arkana 2020Zen 1.6 CVT (114 к.с);https://auto.ria.com/newauto/auto-renault-arkana-1861622.html;   21 068 $   ;572 900 грн;Харків 
Renault Trafic пасс. 2021Combi 1.6D MT (115 к.с) L2H1;https://auto.ria.com/newauto/auto-renault-trafic-pass-1848115.html;   34 089 $   ;927 000 грн;Харків 
Renault Master груз. 2021TFG 1 223 D6 2.3D MT (125 к.с) L2H2 3500;https://auto.ria.com/newauto/auto-renault-master-gruz-1861492.html;   32 302 $   ;878 400 грн;Харків 
Renault Lodgy 2021Intense 1.5D МТ (90 к.с);https://auto.ria.com/newauto/auto-renault-lodgy-1861625.html;   21 237 $   ;577 500 грн;Харків 
Renault Megane 2021Intense New 1.5D AТ (110 к.с);https://auto.ria.com/newauto/auto-renault-megane-1855901.html;   26 587 $   ;723 000 грн;Київ 
Renault Arkana 2020Zen 1.6 CVT (114 к.с);https://auto.ria.com/newauto/auto-renault-arkana-1855856.html;   21 126 $   ;574 500 грн;Київ 
Renault Duster 2021Life 1.6 MT (115 к.с);https://auto.ria.com/newauto/auto-renault-duster-1852880.html;   17 144 $   ;466 200 грн;Одеса 
Renault Megane 2020Life New 1.6 МТ (115 к.с);https://auto.ria.com/newauto/auto-renault-megane-1860266.html;   17 725 $   ;482 000 грн;Харків 
Renault Logan 2021Zen New 1.5d MT (90 к.с);https://auto.ria.com/newauto/auto-renault-logan-1861810.html;   15 354 $   ;417 538 грн;Миколаїв 
Renault Logan 2021Life+ New 1.0 MT (73 к.с);https://auto.ria.com/newauto/auto-renault-logan-1861807.html;   12 209 $   ;332 000 грн;Черкаси 
Renault Duster 2021Life 1.5 D MT (110 к.с);https://auto.ria.com/newauto/auto-renault-duster-1853454.html;   19 858 $   ;540 000 грн;Харків 
Renault Sandero StepWay 2021Life+ 0.9TCe 5РКП (90 к.с);https://auto.ria.com/newauto/auto-renault-sandero-stepway-1848108.html;   15 202 $   ;413 400 грн;Харків 
Renault Duster 2021Life 1.6 MT (115 к.с) ГБО;https://auto.ria.com/newauto/auto-renault-duster-1862345.html;   19 104 $   ;519 500 грн;Харків 
Renault Sandero StepWay 2021Life+ 1.5DСi 5МТ (90 к.с);https://auto.ria.com/newauto/auto-renault-sandero-stepway-1859701.html;   15 691 $   ;426 699 грн;Черкаси 
Renault Sandero StepWay 2021Zen 1.5DСi 5МТ (90 к.с);https://auto.ria.com/newauto/auto-renault-sandero-stepway-1859713.html;   16 620 $   ;451 965 грн;Черкаси 
Renault Sandero StepWay 2021Life+ 1.5DСi 5МТ (90 к.с);https://auto.ria.com/newauto/auto-renault-sandero-stepway-1848105.html;   15 298 $   ;416 000 грн;Харків 
Renault Logan 2021Life+ New 1.0 MT (73 к.с);https://auto.ria.com/newauto/auto-renault-logan-1862594.html;   12 216 $   ;332 200 грн;Харків 
Renault Logan 2021Life+ New 1.0 MT (73 к.с);https://auto.ria.com/newauto/auto-renault-logan-1848945.html;   12 216 $   ;332 200 грн;Суми 
Renault Sandero StepWay 2021Life+ 1.5DСi 5МТ (90 к.с);https://auto.ria.com/newauto/auto-renault-sandero-stepway-1848816.html;   15 324 $   ;416 700 грн;Суми 
Renault Logan 2020Zen New 1.5d MT (90 к.с);https://auto.ria.com/newauto/auto-renault-logan-1846170.html;   15 813 $   ;430 000 грн;Дніпро (Дніпропетровськ) 
Renault Duster 2020Life 1.5 D MT (110 к.с) AWD;https://auto.ria.com/newauto/auto-renault-duster-1846053.html;   22 538 $   ;612 900 грн;Дніпро (Дніпропетровськ) 
Renault Sandero StepWay 2020Zen 1.5DСi 5МТ (90 к.с);https://auto.ria.com/newauto/auto-renault-sandero-stepway-1862047.html;   15 757 $   ;428 500 грн;Харків 
Renault Sandero StepWay 2021Life+ 1.5DСi 5МТ (90 к.с);https://auto.ria.com/newauto/auto-renault-sandero-stepway-1844828.html;   16 327 $   ;443 999 грн;Ізмаїл 
Renault Logan 2021Life+ New 1.0 MT (73 к.с);https://auto.ria.com/newauto/auto-renault-logan-1843963.html;   12 190 $   ;331 500 грн;Харків 
Renault Dokker пасс. 2021Expression 1.5D МТ (90 к.с);https://auto.ria.com/newauto/auto-renault-dokker-pass-1853697.html;   19 336 $   ;525 800 грн;Харків 
Renault Dokker пасс. 2021Expression 1.6 МТ (84 к.с);https://auto.ria.com/newauto/auto-renault-dokker-pass-1848106.html;   17 298 $   ;470 400 грн;Харків 
Renault Logan 2021Zen New 1.5d MT (90 к.с);https://auto.ria.com/newauto/auto-renault-logan-1856636.html;   15 223 $   ;413 965 грн;Київ 
Renault Sandero StepWay 2021Zen 1.5DСi 5МТ (90 к.с);https://auto.ria.com/newauto/auto-renault-sandero-stepway-1862053.html;   16 728 $   ;454 900 грн;Харків 
Renault Sandero 2021Life+ 1.5DCi 5MT (90 к.с);https://auto.ria.com/newauto/auto-renault-sandero-1860345.html;   13 930 $   ;378 800 грн;Харків 
Renault Duster 2021Ultramarine 1.5 D MT (110 к.с) AWD;https://auto.ria.com/newauto/auto-renault-duster-1843962.html;   23 631 $   ;642 600 грн;Харків 
Renault Duster 2021Life 1.6 MT (115 к.с);https://auto.ria.com/newauto/auto-renault-duster-1848798.html;   17 144 $   ;466 200 грн;Суми 
Renault Dokker пасс. 2021Expression 1.5D МТ (90 к.с);https://auto.ria.com/newauto/auto-renault-dokker-pass-1848802.html;   19 336 $   ;525 800 грн;Суми 
Renault Duster 2021Life 1.5 D MT (110 к.с) AWD;https://auto.ria.com/newauto/auto-renault-duster-1845010.html;   22 252 $   ;605 100 грн;Харків 
Renault Duster 2021Life 1.6 MT (115 к.с);https://auto.ria.com/newauto/auto-renault-duster-1861077.html;   17 144 $   ;466 200 грн;Київ 
Renault Logan 2020Life+ New 0.9 MT (90 к.с);https://auto.ria.com/newauto/auto-renault-logan-1854364.html;   13 238 $   ;360 000 грн;Чернігів 
Renault Dokker пасс. 2021Expression 1.5D МТ (90 к.с);https://auto.ria.com/newauto/auto-renault-dokker-pass-1858999.html;   19 336 $   ;525 802 грн;Львів 
Renault Duster 2021Ultramarine 1.5 D MT (110 к.с);https://auto.ria.com/newauto/auto-renault-duster-1858931.html;   20 825 $   ;566 300 грн;Львів 
Renault Sandero StepWay 2021Zen 1.5DСi 5МТ (90 к.с);https://auto.ria.com/newauto/auto-renault-sandero-stepway-1862070.html;   16 728 $   ;454 900 грн;Харків 
Renault Duster 2021Life 1.6 MT (115 к.с);https://auto.ria.com/newauto/auto-renault-duster-1838655.html;   17 144 $   ;466 200 грн;Харків 
Renault Duster 2021Life 1.6 MT (115 к.с) AWD;https://auto.ria.com/newauto/auto-renault-duster-1845003.html;   19 166 $   ;521 200 грн;Харків 
Renault Master груз. 2021TFG 1 223 D6 2.3D MT (125 к.с) L2H2 3500;https://auto.ria.com/newauto/auto-renault-master-gruz-1859464.html;   31 892 $   ;867 264 грн;Черкаси 
Renault Express 2021Life 1.6 МТ (110 к.с);https://auto.ria.com/newauto/auto-renault-express-1860904.html;   16 710 $   ;454 402 грн;Львів 
Renault Sandero StepWay 2021Zen 1.5DСi 5МТ (90 к.с);https://auto.ria.com/newauto/auto-renault-sandero-stepway-1860100.html;   16 726 $   ;454 831 грн;Житомир 
Renault Duster 2021Ultramarine 1.6 MT (115 к.с) AWD;https://auto.ria.com/newauto/auto-renault-duster-1845017.html;   21 380 $   ;581 400 грн;Харків 
Renault Sandero StepWay 2021Life+ 1.5DСi 5МТ (90 к.с);https://auto.ria.com/newauto/auto-renault-sandero-stepway-1859035.html;   15 584 $   ;423 791 грн;Кропивницький (Кіровоград) 
Renault Arkana 2020Intense 1.3 TCe CVT (150 к.с);https://auto.ria.com/newauto/auto-renault-arkana-1860349.html;   24 796 $   ;674 298 грн;Миколаїв 
Renault Sandero 2021Life+ 0.9TCe 5РКП (90 к.с);https://auto.ria.com/newauto/auto-renault-sandero-1860610.html;   14 176 $   ;385 500 грн;Харків 
Renault Arkana 2021Zen 1.6i MT (114 к.с);https://auto.ria.com/newauto/auto-renault-arkana-1861186.html;   20 001 $   ;543 900 грн;Івано-Франківськ 
Renault Arkana 2021Intense 1.3 TCe CVT (150 к.с);https://auto.ria.com/newauto/auto-renault-arkana-1861185.html;   25 793 $   ;701 400 грн;Івано-Франківськ 
Renault Arkana 2021Zen 1.6 CVT (114 к.с);https://auto.ria.com/newauto/auto-renault-arkana-1861184.html;   21 479 $   ;584 100 грн;Івано-Франківськ 
Renault Sandero StepWay 2021Life+ 0.9TCe 5MT (90 к.с);https://auto.ria.com/newauto/auto-renault-sandero-stepway-1859817.html;   14 496 $   ;394 200 грн;Харків 
Renault Lodgy 2021Intense 1.5D МТ (90 к.с);https://auto.ria.com/newauto/auto-renault-lodgy-1858272.html;   21 170 $   ;575 700 грн;Чернігів 
Renault Sandero StepWay 2021Zen 1.5DСi 5МТ (90 к.с);https://auto.ria.com/newauto/auto-renault-sandero-stepway-1840858.html;   16 728 $   ;454 900 грн;Харків 
Renault Master груз. 2020TFG 1 323 D6 2.3D MT (125 к.с) L3H2 3500;https://auto.ria.com/newauto/auto-renault-master-gruz-1855475.html;   40 083 $   ;1 090 000 грн;Харків 
Renault Duster 2021Intense 1.5 D EDC (110 к.с);https://auto.ria.com/newauto/auto-renault-duster-1841436.html;   23 928 $   ;650 699 грн;Київ 
Renault Logan 2020Zen New 1.5d MT (90 к.с);https://auto.ria.com/newauto/auto-renault-logan-1828952.html;   14 029 $   ;381 500 грн;Дніпро (Дніпропетровськ) 
Renault Sandero 2021Life+ 1.5DCi 5MT (90 к.с);https://auto.ria.com/newauto/auto-renault-sandero-1859433.html;   14 280 $   ;388 320 грн;Рівне 
Renault Arkana 2020Intense 1.3 TCe CVT (150 к.с);https://auto.ria.com/newauto/auto-renault-arkana-1847413.html;   24 134 $   ;656 299 грн;Ізмаїл 
Renault Logan 2021Life+ New 1.5d MT (90 к.с);https://auto.ria.com/newauto/auto-renault-logan-1843965.html;   13 915 $   ;378 400 грн;Харків 
Renault Logan 2021Life+ New 1.0 MT (73 к.с);https://auto.ria.com/newauto/auto-renault-logan-1862272.html;   12 216 $   ;332 200 грн;Чернігів 
Renault Sandero StepWay 2021Zen 1.5DСi 5МТ (90 к.с);https://auto.ria.com/newauto/auto-renault-sandero-stepway-1844592.html;   17 282 $   ;469 965 грн;Ізмаїл 
Renault Sandero StepWay 2020Ultramarine 0.9TCe 5РКП (90 к.с);https://auto.ria.com/newauto/auto-renault-sandero-stepway-1855763.html;   16 037 $   ;436 110 грн;Рівне 
Renault Express Van 2021Zen 1.6 МТ (110 к.с);https://auto.ria.com/newauto/auto-renault-express-van-1861382.html;   16 217 $   ;441 000 грн;Харків 
Renault Kadjar 2021Zen 1.5 DCi MT6 (110 к.с);https://auto.ria.com/newauto/auto-renault-kadjar-1861227.html;   23 017 $   ;625 900 грн;Івано-Франківськ 
Renault Express 2021Zen 1.5D МТ (95 к.с);https://auto.ria.com/newauto/auto-renault-express-1861469.html;   19 905 $   ;541 300 грн;Харків 
Renault Logan 2021Zen New 1.5d MT (90 к.с);https://auto.ria.com/newauto/auto-renault-logan-1853457.html;   14 496 $   ;394 200 грн;Дніпро (Дніпропетровськ) 
Renault Logan 2021Zen New 1.5d MT (90 к.с);https://auto.ria.com/newauto/auto-renault-logan-1858721.html;   15 223 $   ;413 965 грн;Київ 
Renault Lodgy 2021Intense 1.5D МТ (90 к.с);https://auto.ria.com/newauto/auto-renault-lodgy-1858433.html;   21 174 $   ;575 800 грн;Рівне 
Renault Trafic пасс. 2021Combi 1.6D MT (115 к.с) L2H1;https://auto.ria.com/newauto/auto-renault-trafic-pass-1853264.html;   32 625 $   ;887 200 грн;Дніпро (Дніпропетровськ) 
Renault Kangoo груз. 2021Z.E.33 MT (60 к.с) Maxi;https://auto.ria.com/newauto/auto-renault-kangoo-gruz-1829265.html;   40 892 $   ;1 112 000 грн;Дніпро (Дніпропетровськ) 
Renault Trafic пасс. 2021Combi 1.6D MT (140 к.с) L2H1;https://auto.ria.com/newauto/auto-renault-trafic-pass-1853268.html;   31 776 $   ;864 100 грн;Дніпро (Дніпропетровськ) 
Renault Trafic пасс. 2021Combi 1.6D MT (115 к.с) L2H1;https://auto.ria.com/newauto/auto-renault-trafic-pass-1855602.html;   35 303 $   ;960 000 грн;Харків 
Renault Trafic пасс. 2021Combi 1.6D MT (140 к.с) L2H1;https://auto.ria.com/newauto/auto-renault-trafic-pass-1853265.html;   34 166 $   ;929 100 грн;Дніпро (Дніпропетровськ) 
Renault Trafic пасс. 2021Combi 1.6D MT (115 к.с) L2H1;https://auto.ria.com/newauto/auto-renault-trafic-pass-1853266.html;   30 235 $   ;822 200 грн;Дніпро (Дніпропетровськ) 
Renault Dokker груз. 2021Expression 1.6 MT (84 к.с);https://auto.ria.com/newauto/auto-renault-dokker-gruz-1845911.html;   14 856 $   ;404 000 грн;Харків 
Renault Duster 2021Life 1.6 MT (115 к.с);https://auto.ria.com/newauto/auto-renault-duster-1859969.html;   17 144 $   ;466 200 грн;Харків 
Renault Duster 2021Life 1.5 D MT (110 к.с) AWD;https://auto.ria.com/newauto/auto-renault-duster-1856403.html;   20 781 $   ;565 100 грн;Дніпро (Дніпропетровськ) 
Renault Duster 2021Life 1.6 MT (115 к.с) AWD;https://auto.ria.com/newauto/auto-renault-duster-1861193.html;   19 166 $   ;521 200 грн;Івано-Франківськ 
Renault Duster 2021Life 1.5 D MT (110 к.с);https://auto.ria.com/newauto/auto-renault-duster-1861195.html;   19 876 $   ;540 500 грн;Івано-Франківськ 
Renault Arkana 2020Intense 1.3 TCe CVT (150 к.с) 4WD;https://auto.ria.com/newauto/auto-renault-arkana-1859330.html;   26 106 $   ; 26 841 $;Рівне 
Renault Sandero StepWay 2020Zen 0.9TCe 5РКП (90 к.с);https://auto.ria.com/newauto/auto-renault-sandero-stepway-1853582.html;   16 254 $   ;442 000 грн;Рівне 
Renault Duster 2021Life 1.5 D MT (110 к.с) AWD;https://auto.ria.com/newauto/auto-renault-duster-1853366.html;   22 252 $   ;605 100 грн;Дніпро (Дніпропетровськ) 
Renault Sandero 2021Life+ 1.0 MT (73 к.с);https://auto.ria.com/newauto/auto-renault-sandero-1860250.html;   11 749 $   ;319 500 грн;Харків 
Renault Dokker груз. 2021Authentique 1.5D MT (90 к.с);https://auto.ria.com/newauto/auto-renault-dokker-gruz-1862398.html;   17 835 $   ;485 000 грн;Харків 
Renault Dokker груз. 2021Authentique 1.6 MT (84 к.с);https://auto.ria.com/newauto/auto-renault-dokker-gruz-1851578.html;   14 856 $   ;404 000 грн;Харків 
Renault Kadjar 2021Intense 1.5 DCi EDC6 (110 к.с);https://auto.ria.com/newauto/auto-renault-kadjar-1861229.html;   26 396 $   ;717 800 грн;Івано-Франківськ 
Renault Koleos 2020Intense 2.0D CVT (177 к.с) AWD;https://auto.ria.com/newauto/auto-renault-koleos-1829308.html;   34 938 $   ;950 100 грн;Дніпро (Дніпропетровськ) 
Renault Koleos 2020Intense 2.0D CVT (177 к.с) AWD;https://auto.ria.com/newauto/auto-renault-koleos-1829016.html;   32 732 $   ;890 100 грн;Дніпро (Дніпропетровськ) 
Renault Trafic груз. 2021Comfort DC 1.6dCi  MT (140 к.с) Start&Stop L2H1;https://auto.ria.com/newauto/auto-renault-trafic-gruz-1861977.html;   29 066 $   ;790 400 грн;Дніпро (Дніпропетровськ) 
Renault Trafic груз. 2021Comfort DC 1.6dCi MT (115 к.с) L2H1;https://auto.ria.com/newauto/auto-renault-trafic-gruz-1861975.html;   28 327 $   ;770 300 грн;Дніпро (Дніпропетровськ) 
Renault Trafic груз. 2021Comfort DC 1.6dCi MT (115 к.с) L2H1;https://auto.ria.com/newauto/auto-renault-trafic-gruz-1861974.html;   30 717 $   ;835 300 грн;Дніпро (Дніпропетровськ) 
Renault Trafic груз. 2021Comfort DC 1.6dCi  MT (140 к.с) Start&Stop L2H1;https://auto.ria.com/newauto/auto-renault-trafic-gruz-1861976.html;   31 456 $   ;855 400 грн;Дніпро (Дніпропетровськ) 
Renault Trafic груз. 20211.6D MT (115 к.с);https://auto.ria.com/newauto/auto-renault-trafic-gruz-1859782.html;   28 904 $   ;786 000 грн;Харків 
Renault Master груз. 2021Double Cab 2.3D MT (150 к.с) L3H1 4500;https://auto.ria.com/newauto/auto-renault-master-gruz-1853249.html;   35 766 $   ;972 600 грн;Дніпро (Дніпропетровськ) 
Renault Master груз. 2021Double Cab 2.3D MT (125 к.с) L2H1 3500;https://auto.ria.com/newauto/auto-renault-master-gruz-1853253.html;   29 680 $   ;807 100 грн;Дніпро (Дніпропетровськ) 
Renault Master груз. 2021Double Cab 2.3D MT (125 к.с) L3H1 3500;https://auto.ria.com/newauto/auto-renault-master-gruz-1853248.html;   32 442 $   ;882 200 грн;Дніпро (Дніпропетровськ) 
Renault Master груз. 20212.3D MT (150 к.с) L4H1 4500;https://auto.ria.com/newauto/auto-renault-master-gruz-1853238.html;   35 766 $   ;972 600 грн;Дніпро (Дніпропетровськ) 
Renault Master груз. 2021Double Cab 2.3D MT (150 к.с) L4H1 4500;https://auto.ria.com/newauto/auto-renault-master-gruz-1853251.html;   36 751 $   ;999 400 грн;Дніпро (Дніпропетровськ) 
Renault Master груз. 2021Double Cab 2.3D MT (165 к.с) L4H1 4500;https://auto.ria.com/newauto/auto-renault-master-gruz-1853252.html;   37 119 $   ;1 009 400 грн;Дніпро (Дніпропетровськ) 
Renault Master груз. 2021Double Cab 2.3D MT (150 к.с) L3H1 4500;https://auto.ria.com/newauto/auto-renault-master-gruz-1853255.html;   33 376 $   ;907 600 грн;Дніпро (Дніпропетровськ) 
Renault Master груз. 2021Double Cab 2.3D MT (165 к.с) L3H1 4500;https://auto.ria.com/newauto/auto-renault-master-gruz-1854141.html;   33 747 $   ;917 700 грн;Дніпро (Дніпропетровськ) 
Renault Dokker груз. 2021Authentique 1.5D MT (90 к.с);https://auto.ria.com/newauto/auto-renault-dokker-gruz-1853274.html;   17 331 $   ;471 300 грн;Дніпро (Дніпропетровськ) 
Renault Sandero 2020Life+ 1.0 MT (73 к.с) ГБО;https://auto.ria.com/newauto/auto-renault-sandero-1857401.html;   13 066 $   ;355 300 грн;Рівне 
Renault Arkana 2020Zen 1.6 CVT (114 к.с);https://auto.ria.com/newauto/auto-renault-arkana-1858502.html;   20 870 $   ;567 530 грн;Рівне 
Renault Kadjar 2020Zen 1.5 DCi EDC6 (110 к.с);https://auto.ria.com/newauto/auto-renault-kadjar-1829161.html;   22 310 $   ;606 700 грн;Дніпро (Дніпропетровськ) 
Renault Logan 2021Life+ New 0.9 AT (90 к.с);https://auto.ria.com/newauto/auto-renault-logan-1861219.html;   13 797 $   ;375 200 грн;Івано-Франківськ 
Renault Logan 2021Life+ New 1.0 MT (73 к.с);https://auto.ria.com/newauto/auto-renault-logan-1860932.html;   12 216 $   ;332 200 грн;Одеса 
Renault Logan 2021Zen New 0.9 MT (90 к.с);https://auto.ria.com/newauto/auto-renault-logan-1861218.html;   13 334 $   ;362 600 грн;Івано-Франківськ 
Renault Logan 2021Life+ New 1.0 MT (73 к.с);https://auto.ria.com/newauto/auto-renault-logan-1861213.html;   12 190 $   ;331 500 грн;Івано-Франківськ 
Renault Logan 2021Zen New 0.9 AT (90 к.с);https://auto.ria.com/newauto/auto-renault-logan-1861220.html;   14 378 $   ;391 000 грн;Івано-Франківськ 
Renault Logan 2021Life+ New 0.9 MT (90 к.с);https://auto.ria.com/newauto/auto-renault-logan-1861216.html;   12 749 $   ;346 700 грн;Івано-Франківськ 
Renault Logan 2021Zen New 1.5d MT (90 к.с);https://auto.ria.com/newauto/auto-renault-logan-1861222.html;   14 496 $   ;394 200 грн;Івано-Франківськ 
Renault Logan 2021Life+ New 1.5d MT (90 к.с);https://auto.ria.com/newauto/auto-renault-logan-1861221.html;   13 915 $   ;378 400 грн;Івано-Франківськ 
Renault Trafic груз. 2021Comfort 1.6dCi  MT (140 к.с) Start&Stop L1H1;https://auto.ria.com/newauto/auto-renault-trafic-gruz-1860155.html;   27 760 $   ;754 900 грн;Дніпро (Дніпропетровськ) 
Renault Express Van 2021Life 1.6 МТ (110 к.с);https://auto.ria.com/newauto/auto-renault-express-van-1860668.html;   14 209 $   ;386 400 грн;Дніпро (Дніпропетровськ) 
Renault Trafic груз. 2021Comfort 1.6dCi MT (115 к.с) L2H1;https://auto.ria.com/newauto/auto-renault-trafic-gruz-1860157.html;   27 882 $   ;758 200 грн;Дніпро (Дніпропетровськ) 
Renault Trafic груз. 2021Comfort 1.6dCi MT (115 к.с) L2H1;https://auto.ria.com/newauto/auto-renault-trafic-gruz-1860158.html;   25 491 $   ;693 200 грн;Дніпро (Дніпропетровськ) 
Renault Trafic груз. 2021Comfort 1.6dCi  MT (140 к.с) Start&Stop L2H1;https://auto.ria.com/newauto/auto-renault-trafic-gruz-1860173.html;   28 621 $   ;778 300 грн;Дніпро (Дніпропетровськ) 
Renault Trafic груз. 2021Comfort 1.6dCi  MT (140 к.с) Start&Stop L2H1;https://auto.ria.com/newauto/auto-renault-trafic-gruz-1860174.html;   26 231 $   ;713 300 грн;Дніпро (Дніпропетровськ) 
Renault Trafic груз. 2021Comfort 1.6dCi  MT (140 к.с) Start&Stop L1H1;https://auto.ria.com/newauto/auto-renault-trafic-gruz-1860156.html;   25 370 $   ;689 900 грн;Дніпро (Дніпропетровськ) 
Renault Trafic груз. 2021Comfort 1.6dCi MT (115 к.с) L1H1;https://auto.ria.com/newauto/auto-renault-trafic-gruz-1860153.html;   27 021 $   ;734 800 грн;Дніпро (Дніпропетровськ) 
Renault Master груз. 2021PCC 1L3 4 F6 2.3D MT (150 к.с) L3H1 3500;https://auto.ria.com/newauto/auto-renault-master-gruz-1861725.html;   42 032 $   ;1 143 000 грн;Харків 
Renault Master груз. 2020TFG 1 223 D6 2.3D MT (125 к.с) L2H2 3500;https://auto.ria.com/newauto/auto-renault-master-gruz-1853049.html;   44 055 $   ;1 198 000 грн;Харків 
Renault Trafic груз. 2021Comfort 1.6dCi MT (115 к.с) L1H1;https://auto.ria.com/newauto/auto-renault-trafic-gruz-1860154.html;   24 631 $   ;669 800 грн;Дніпро (Дніпропетровськ) 
Renault Dokker пасс. 2021Expression 1.5D МТ (90 к.с);https://auto.ria.com/newauto/auto-renault-dokker-pass-1853433.html;   17 865 $   ;485 800 грн;Дніпро (Дніпропетровськ) 
Renault Sandero StepWay 2021Life+ 0.9TCe 5MT (90 к.с);https://auto.ria.com/newauto/auto-renault-sandero-stepway-1853382.html;   12 999 $   ;353 500 грн;Дніпро (Дніпропетровськ) 
Renault Master груз. 2020Double Cab 2.3D MT (165 к.с) L4H1 4500;https://auto.ria.com/newauto/auto-renault-master-gruz-1820497.html;   43 760 $   ;1 190 000 грн;Харків 
Renault Duster 2021Life 1.5 D EDC (110 к.с);https://auto.ria.com/newauto/auto-renault-duster-1861197.html;   22 550 $   ;613 200 грн;Івано-Франківськ 
Renault Duster 2021Zen 1.6 MT (115 к.с);https://auto.ria.com/newauto/auto-renault-duster-1861191.html;   17 798 $   ;484 000 грн;Івано-Франківськ 
Renault Duster 2021Zen 1.5 D MT (110 к.с);https://auto.ria.com/newauto/auto-renault-duster-1861196.html;   20 884 $   ;567 900 грн;Івано-Франківськ 
Renault Kadjar 2021Zen 1.5 DCi EDC6 (110 к.с);https://auto.ria.com/newauto/auto-renault-kadjar-1861228.html;   27 176 $   ;739 000 грн;Івано-Франківськ 
Renault Kadjar 2021Zen 1.2 TCe EDC7 (130 к.с);https://auto.ria.com/newauto/auto-renault-kadjar-1861225.html;   23 583 $   ;641 300 грн;Івано-Франківськ 
Renault Kadjar 2021Life 1.2 TCe 6MT (130 к.с);https://auto.ria.com/newauto/auto-renault-kadjar-1861224.html;   19 615 $   ;533 400 грн;Івано-Франківськ 
Renault Kadjar 2021Intense 1.2 TCe EDC7 (130 к.с);https://auto.ria.com/newauto/auto-renault-kadjar-1861226.html;   25 841 $   ;702 700 грн;Івано-Франківськ 
Renault Duster 2021Zen 1.6 MT (115 к.с) AWD;https://auto.ria.com/newauto/auto-renault-duster-1861194.html;   20 174 $   ;548 600 грн;Івано-Франківськ 
Renault Duster 2021Ultramarine 1.6 MT (115 к.с);https://auto.ria.com/newauto/auto-renault-duster-1861192.html;   18 416 $   ;500 800 грн;Івано-Франківськ 
Renault Kadjar 2020Intense 1.5 DCi EDC6 (110 к.с);https://auto.ria.com/newauto/auto-renault-kadjar-1829162.html;   24 557 $   ;667 800 грн;Дніпро (Дніпропетровськ) 
Renault Dokker груз. 2021Authentique 1.5D MT (90 к.с);https://auto.ria.com/newauto/auto-renault-dokker-gruz-1853276.html;   16 044 $   ;436 300 грн;Дніпро (Дніпропетровськ) 
Renault Master груз. 20212.3D MT (165 к.с) L4H1 4500;https://auto.ria.com/newauto/auto-renault-master-gruz-1853050.html;   46 077 $   ;1 253 000 грн;Харків 
Renault Master груз. 2021PCC 1L4 5 P6 2.3D MT (165 к.с) L4H1 4500;https://auto.ria.com/newauto/auto-renault-master-gruz-1849971.html;   43 393 $   ;1 180 000 грн;Харків 
Renault Master груз. 2021PCC 1L4 5 P6 2.3D MT (165 к.с) L4H1 4500;https://auto.ria.com/newauto/auto-renault-master-gruz-1854229.html;   43 209 $   ;1 175 000 грн;Харків 
Renault Master груз. 2021PCC 1L3 5 F6 2.3D MT (150 к.с) L3H1 4500;https://auto.ria.com/newauto/auto-renault-master-gruz-1858889.html;   40 267 $   ;1 095 000 грн;Харків 
Renault Master груз. 2021PCC 1L3 4 F6 2.3D MT (150 к.с) L3H1 3500;https://auto.ria.com/newauto/auto-renault-master-gruz-1862004.html;   46 629 $   ;1 268 000 грн;Харків 
Renault Sandero StepWay 2021Life+ 1.5DСi 5МТ (90 к.с);https://auto.ria.com/newauto/auto-renault-sandero-stepway-1862368.html;   15 298 $   ;416 000 грн;Рівне 
Renault Master груз. 2020TFG 1 323 D6 2.3D MT (125 к.с) L3H2 3500;https://auto.ria.com/newauto/auto-renault-master-gruz-1847728.html;   32 802 $   ;892 000 грн;Харків 
Renault Master груз. 2021PCC 1L4 5 P6 2.3D MT (165 к.с) L4H1 4500;https://auto.ria.com/newauto/auto-renault-master-gruz-1857064.html;   46 408 $   ;1 262 000 грн;Харків 
Renault Sandero 2021Life+ 1.0 MT (73 к.с);https://auto.ria.com/newauto/auto-renault-sandero-1855107.html;   11 749 $   ;319 500 грн;Одеса 
Renault Lodgy 2021Zen 1.5D МТ (90 к.с);https://auto.ria.com/newauto/auto-renault-lodgy-1853435.html;   18 298 $   ;497 600 грн;Дніпро (Дніпропетровськ) 
Renault Master груз. 2021PCC 1L4 5 P6 2.3D MT (165 к.с) L4H1 4500;https://auto.ria.com/newauto/auto-renault-master-gruz-1862007.html;   50 196 $   ;1 365 000 грн;Харків 
Renault Master груз. 20212.3D MT (150 к.с) L3H1 4500;https://auto.ria.com/newauto/auto-renault-master-gruz-1853244.html;   31 651 $   ;860 700 грн;Дніпро (Дніпропетровськ) 
Renault Master груз. 20212.3D MT (150 к.с) L4H1 4500;https://auto.ria.com/newauto/auto-renault-master-gruz-1857895.html;   36 957 $   ;1 005 000 грн;Харків 
Renault Master груз. 2021PCC 1L4 5 P6 2.3D MT (165 к.с) L4H1 4500;https://auto.ria.com/newauto/auto-renault-master-gruz-1849997.html;   45 231 $   ;1 230 000 грн;Харків 
Renault Master груз. 2021TFG 1 333 D6 2.3D MT (125 к.с) L3H3 3500;https://auto.ria.com/newauto/auto-renault-master-gruz-1853230.html;   30 298 $   ;823 900 грн;Дніпро (Дніпропетровськ) 
Renault Master груз. 2021TFG 1 333 D6 2.3D MT (125 к.с) L3H3 3500;https://auto.ria.com/newauto/auto-renault-master-gruz-1853222.html;   32 688 $   ;888 900 грн;Дніпро (Дніпропетровськ) 
Renault Logan 2020Life+ New 1.5d MT (90 к.с);https://auto.ria.com/newauto/auto-renault-logan-1829255.html;   12 363 $   ;336 200 грн;Дніпро (Дніпропетровськ) 
Renault Sandero 2021Life+ 0.9TCe 5РКП (90 к.с);https://auto.ria.com/newauto/auto-renault-sandero-1853424.html;   12 680 $   ;344 800 грн;Дніпро (Дніпропетровськ) 
Renault Express Van 2021Zen 1.5D МТ (95 к.с);https://auto.ria.com/newauto/auto-renault-express-van-1860675.html;   16 309 $   ;443 500 грн;Дніпро (Дніпропетровськ) 
Renault Express Van 2021Life 1.5D МТ (95 к.с);https://auto.ria.com/newauto/auto-renault-express-van-1860669.html;   16 794 $   ;456 700 грн;Дніпро (Дніпропетровськ) 
Renault Express Van 2021Zen 1.6 МТ (110 к.с);https://auto.ria.com/newauto/auto-renault-express-van-1860670.html;   15 195 $   ;413 200 грн;Дніпро (Дніпропетровськ) 
Renault Express Van 2021Zen 1.6 МТ (110 к.с);https://auto.ria.com/newauto/auto-renault-express-van-1860674.html;   13 724 $   ;373 200 грн;Дніпро (Дніпропетровськ) 
Renault Express Van 2021Life 1.5D МТ (95 к.с);https://auto.ria.com/newauto/auto-renault-express-van-1860673.html;   15 324 $   ;416 700 грн;Дніпро (Дніпропетровськ) 
Renault Express Van 2021Life 1.6 МТ (110 к.с);https://auto.ria.com/newauto/auto-renault-express-van-1860672.html;   12 738 $   ;346 400 грн;Дніпро (Дніпропетровськ) 
Renault Express Van 2021Zen 1.5D МТ (95 к.с);https://auto.ria.com/newauto/auto-renault-express-van-1860671.html;   17 780 $   ;483 500 грн;Дніпро (Дніпропетровськ) 
Renault Megane 2020Life New 1.5D МТ (110 к.с);https://auto.ria.com/newauto/auto-renault-megane-1829195.html;   17 659 $   ;480 200 грн;Дніпро (Дніпропетровськ) 
Renault Kangoo груз. 2021Z.E.33 MT (60 к.с) Express;https://auto.ria.com/newauto/auto-renault-kangoo-gruz-1829264.html;   40 153 $   ;1 091 900 грн;Дніпро (Дніпропетровськ) 
Renault Kangoo груз. 2021Z.E.33 MT (60 к.с) Express;https://auto.ria.com/newauto/auto-renault-kangoo-gruz-1774889.html;   42 911 $   ;1 166 900 грн;Дніпро (Дніпропетровськ) 
Renault Kadjar 2020Life 1.2 TCe 6MT (130 к.с);https://auto.ria.com/newauto/auto-renault-kadjar-1829041.html;   19 615 $   ;533 400 грн;Дніпро (Дніпропетровськ) 
Renault Kangoo груз. 2021Z.E.33 MT (60 к.с) Maxi;https://auto.ria.com/newauto/auto-renault-kangoo-gruz-1774890.html;   43 650 $   ;1 187 000 грн;Дніпро (Дніпропетровськ) 
Renault Kadjar 2020Zen 1.5 DCi MT6 (110 к.с);https://auto.ria.com/newauto/auto-renault-kadjar-1829046.html;   23 017 $   ;625 900 грн;Дніпро (Дніпропетровськ) 
Renault Kadjar 2020Intense 1.2 TCe EDC7 (130 к.с);https://auto.ria.com/newauto/auto-renault-kadjar-1829044.html;   25 841 $   ;702 700 грн;Дніпро (Дніпропетровськ) 
Renault Kadjar 2020Zen 1.5 DCi EDC6 (110 к.с);https://auto.ria.com/newauto/auto-renault-kadjar-1829048.html;   24 149 $   ;656 700 грн;Дніпро (Дніпропетровськ) 
Renault Kadjar 2020Intense 1.2 TCe EDC7 (130 к.с);https://auto.ria.com/newauto/auto-renault-kadjar-1829157.html;   24 002 $   ;652 700 грн;Дніпро (Дніпропетровськ) 
Renault Kadjar 2020Intense 1.5 DCi EDC6 (110 к.с);https://auto.ria.com/newauto/auto-renault-kadjar-1829049.html;   26 396 $   ;717 800 грн;Дніпро (Дніпропетровськ) 
Renault Express 2021Zen 1.5D МТ (95 к.с);https://auto.ria.com/newauto/auto-renault-express-1860687.html;   19 541 $   ;531 400 грн;Дніпро (Дніпропетровськ) 
Renault Master груз. 2021Double Cab 2.3D MT (165 к.с) L3H1 4500;https://auto.ria.com/newauto/auto-renault-master-gruz-1853250.html;   36 137 $   ;982 700 грн;Дніпро (Дніпропетровськ) 
Renault Dokker груз. 2021Authentique 1.6 MT (84 к.с);https://auto.ria.com/newauto/auto-renault-dokker-gruz-1853273.html;   14 367 $   ;390 700 грн;Дніпро (Дніпропетровськ) 
Renault Master груз. 2021Double Cab 2.3D MT (165 к.с) L4H1 4500;https://auto.ria.com/newauto/auto-renault-master-gruz-1853259.html;   34 729 $   ;944 400 грн;Дніпро (Дніпропетровськ) 
Renault Master груз. 2021TFG 1 323 D6 2.3D MT (125 к.с) L3H2 3500;https://auto.ria.com/newauto/auto-renault-master-gruz-1853219.html;   31 761 $   ;863 700 грн;Дніпро (Дніпропетровськ) 
Renault Master груз. 2021TFG 1 323 D6 2.3D MT (125 к.с) L3H2 3500;https://auto.ria.com/newauto/auto-renault-master-gruz-1853229.html;   29 371 $   ;798 700 грн;Дніпро (Дніпропетровськ) 
Renault Master груз. 20212.3D MT (165 к.с) L4H1 4500;https://auto.ria.com/newauto/auto-renault-master-gruz-1853246.html;   33 747 $   ;917 700 грн;Дніпро (Дніпропетровськ) 
Renault Master груз. 20212.3D MT (125 к.с) L2H1 3500;https://auto.ria.com/newauto/auto-renault-master-gruz-1853234.html;   29 485 $   ;801 800 грн;Дніпро (Дніпропетровськ) 
Renault Master груз. 20212.3D MT (150 к.с) L4H3 4500;https://auto.ria.com/newauto/auto-renault-master-gruz-1853224.html;   38 973 $   ;1 059 800 грн;Дніпро (Дніпропетровськ) 
Renault Master груз. 20212.3D MT (125 к.с) L3H1 3500;https://auto.ria.com/newauto/auto-renault-master-gruz-1829137.html;   27 462 $   ;746 800 грн;Дніпро (Дніпропетровськ) 
Renault Master груз. 20212.3D MT (125 к.с) L2H1 3500;https://auto.ria.com/newauto/auto-renault-master-gruz-1853241.html;   27 095 $   ;736 800 грн;Дніпро (Дніпропетровськ) 
Renault Master груз. 2021TFG 1 223 D6 2.3D MT (125 к.с) L2H2 3500;https://auto.ria.com/newauto/auto-renault-master-gruz-1853228.html;   28 448 $   ;773 600 грн;Дніпро (Дніпропетровськ) 
Renault Master груз. 20212.3D MT (150 к.с) L3H1 3500;https://auto.ria.com/newauto/auto-renault-master-gruz-1853243.html;   31 158 $   ;847 300 грн;Дніпро (Дніпропетровськ) 
Renault Master груз. 20212.3D MT (150 к.с) L3H1 3500;https://auto.ria.com/newauto/auto-renault-master-gruz-1853236.html;   33 548 $   ;912 300 грн;Дніпро (Дніпропетровськ) 
Renault Master груз. 20212.3D MT (150 к.с) L4H1 4500;https://auto.ria.com/newauto/auto-renault-master-gruz-1853245.html;   33 376 $   ;907 600 грн;Дніпро (Дніпропетровськ) 
Renault Master груз. 2021TFG 1 123 D6 2.3D MT (125 к.с) L1H2 3500;https://auto.ria.com/newauto/auto-renault-master-gruz-1853227.html;   28 080 $   ;763 600 грн;Дніпро (Дніпропетровськ) 
Renault Master груз. 20212.3D MT (150 к.с) L4H3 4500;https://auto.ria.com/newauto/auto-renault-master-gruz-1853232.html;   36 582 $   ;994 800 грн;Дніпро (Дніпропетровськ) 
Renault Master груз. 20212.3D MT (165 к.с) L4H1 4500;https://auto.ria.com/newauto/auto-renault-master-gruz-1853240.html;   36 137 $   ;982 700 грн;Дніпро (Дніпропетровськ) 
Renault Master груз. 2021TFG 1 123 D6 2.3D MT (125 к.с) L1H2 3500;https://auto.ria.com/newauto/auto-renault-master-gruz-1853217.html;   30 471 $   ;828 600 грн;Дніпро (Дніпропетровськ) 
Renault Master груз. 20212.3D MT (150 к.с) L3H2 4500;https://auto.ria.com/newauto/auto-renault-master-gruz-1853231.html;   33 258 $   ;904 400 грн;Дніпро (Дніпропетровськ) 
Renault Master груз. 2021TFG 1 113 D6 2.3D MT (125 к.с) L1H1 3500;https://auto.ria.com/newauto/auto-renault-master-gruz-1853216.html;   29 731 $   ;808 500 грн;Дніпро (Дніпропетровськ) 
Renault Master груз. 20212.3D MT (150 к.с) L3H1 4500;https://auto.ria.com/newauto/auto-renault-master-gruz-1853237.html;   34 041 $   ;925 700 грн;Дніпро (Дніпропетровськ) 
Renault Master груз. 20212.3D MT (150 к.с) L3H2 4500;https://auto.ria.com/newauto/auto-renault-master-gruz-1853223.html;   35 648 $   ;969 400 грн;Дніпро (Дніпропетровськ) 
Renault Master груз. 20212.3D MT (165 к.с) L4H3 4500;https://auto.ria.com/newauto/auto-renault-master-gruz-1853225.html;   39 344 $   ;1 069 900 грн;Дніпро (Дніпропетровськ) 
Renault Master груз. 20212.3D MT (165 к.с) L4H3 4500;https://auto.ria.com/newauto/auto-renault-master-gruz-1853233.html;   36 954 $   ;1 004 900 грн;Дніпро (Дніпропетровськ) 
Renault Master груз. 2021Double Cab 2.3D MT (125 к.с) L2H1 3500;https://auto.ria.com/newauto/auto-renault-master-gruz-1853247.html;   32 070 $   ;872 100 грн;Дніпро (Дніпропетровськ) 
Renault Master груз. 2021TFG 1 113 D6 2.3D MT (125 к.с) L1H1 3500;https://auto.ria.com/newauto/auto-renault-master-gruz-1853226.html;   27 341 $   ;743 500 грн;Дніпро (Дніпропетровськ) 
Renault Master груз. 2021Double Cab 2.3D MT (150 к.с) L4H1 4500;https://auto.ria.com/newauto/auto-renault-master-gruz-1853258.html;   34 361 $   ;934 400 грн;Дніпро (Дніпропетровськ) 
Renault Master груз. 2021TFG 1 223 D6 2.3D MT (125 к.с) L2H2 3500;https://auto.ria.com/newauto/auto-renault-master-gruz-1853218.html;   30 838 $   ;838 600 грн;Дніпро (Дніпропетровськ) 
Renault Master груз. 20212.3D MT (125 к.с) L3H1 3500;https://auto.ria.com/newauto/auto-renault-master-gruz-1853235.html;   29 853 $   ;811 800 грн;Дніпро (Дніпропетровськ) 
Renault Dokker груз. 2021Authentique 1.6 MT (84 к.с);https://auto.ria.com/newauto/auto-renault-dokker-gruz-1853275.html;   13 080 $   ;355 700 грн;Дніпро (Дніпропетровськ) 
Renault Master груз. 2021Double Cab 2.3D MT (125 к.с) L3H1 3500;https://auto.ria.com/newauto/auto-renault-master-gruz-1853254.html;   30 051 $   ;817 200 грн;Дніпро (Дніпропетровськ) 
Renault Dokker пасс. 2021Expression 1.5D МТ (90 к.с);https://auto.ria.com/newauto/auto-renault-dokker-pass-1856380.html;   19 336 $   ;525 800 грн;Рівне 
Renault Kadjar 2020Zen 1.2 TCe EDC7 (130 к.с);https://auto.ria.com/newauto/auto-renault-kadjar-1829156.html;   21 744 $   ;591 300 грн;Дніпро (Дніпропетровськ) 
Renault Kadjar 2020Zen 1.5 DCi MT6 (110 к.с);https://auto.ria.com/newauto/auto-renault-kadjar-1829159.html;   21 178 $   ;575 900 грн;Дніпро (Дніпропетровськ) 
Renault Kadjar 2020Zen 1.2 TCe EDC7 (130 к.с);https://auto.ria.com/newauto/auto-renault-kadjar-1829043.html;   23 583 $   ;641 300 грн;Дніпро (Дніпропетровськ) 
Renault Sandero 2021Life+ 1.0 MT (73 к.с) ГБО;https://auto.ria.com/newauto/auto-renault-sandero-1857252.html;   13 055 $   ;355 000 грн;Рівне 
Renault Kadjar 2020Life 1.2 TCe 6MT (130 к.с);https://auto.ria.com/newauto/auto-renault-kadjar-1829154.html;   17 776 $   ;483 400 грн;Дніпро (Дніпропетровськ) 
Renault Arkana 2020Life 1.6 CVT (114 к.с);https://auto.ria.com/newauto/auto-renault-arkana-1847432.html;   17 221 $   ;468 300 грн;Дніпро (Дніпропетровськ) 
Renault Megane 2020Life New 1.6 МТ (115 к.с);https://auto.ria.com/newauto/auto-renault-megane-1829191.html;   15 890 $   ;432 100 грн;Дніпро (Дніпропетровськ) 
Renault Logan 2020Zen New 0.9 MT (90 к.с);https://auto.ria.com/newauto/auto-renault-logan-1829250.html;   11 801 $   ;320 900 грн;Дніпро (Дніпропетровськ) 
Renault Sandero 2020Life+ 1.0 MT (73 к.с) ГБО;https://auto.ria.com/newauto/auto-renault-sandero-1829212.html;   11 256 $   ;306 100 грн;Дніпро (Дніпропетровськ) 
Renault Lodgy 2021Zen 1.5D МТ (90 к.с);https://auto.ria.com/newauto/auto-renault-lodgy-1853434.html;   19 769 $   ;537 600 грн;Дніпро (Дніпропетровськ) 
Renault Logan 2021Life+ 1.0 MT (73 к.с) ГБО;https://auto.ria.com/newauto/auto-renault-logan-1853442.html;   12 062 $   ;328 000 грн;Дніпро (Дніпропетровськ) 
Renault Logan 2020Life+ New 1.5d MT (90 к.с);https://auto.ria.com/newauto/auto-renault-logan-1786775.html;   13 466 $   ;366 200 грн;Дніпро (Дніпропетровськ) 
Renault Duster 2020Life 1.5 D MT (110 к.с);https://auto.ria.com/newauto/auto-renault-duster-1829177.html;   17 780 $   ;483 500 грн;Дніпро (Дніпропетровськ) 
Renault Logan 2021Life+ 1.0 MT (73 к.с) ГБО;https://auto.ria.com/newauto/auto-renault-logan-1828946.html;   13 165 $   ;358 000 грн;Дніпро (Дніпропетровськ) 
Renault Logan 2020Zen New 0.9 MT (90 к.с);https://auto.ria.com/newauto/auto-renault-logan-1828948.html;   12 904 $   ;350 900 грн;Дніпро (Дніпропетровськ) 
Renault Express 2021Life 1.5D МТ (95 к.с);https://auto.ria.com/newauto/auto-renault-express-1860684.html;   16 839 $   ;457 900 грн;Дніпро (Дніпропетровськ) 
Renault Duster 2021Life 1.5 D MT (110 к.с);https://auto.ria.com/newauto/auto-renault-duster-1853348.html;   18 405 $   ;500 500 грн;Дніпро (Дніпропетровськ) 
Renault Megane 2021Zen New 1.5D AТ (110 к.с);https://auto.ria.com/newauto/auto-renault-megane-1861189.html;   23 355 $   ;635 100 грн;Івано-Франківськ 
Renault Express 2021Intense 1.5D МТ (95 к.с);https://auto.ria.com/newauto/auto-renault-express-1860691.html;   20 281 $   ;551 500 грн;Дніпро (Дніпропетровськ) 
Renault Express 2021Intense 1.6 МТ (110 к.с);https://auto.ria.com/newauto/auto-renault-express-1860689.html;   18 681 $   ;508 000 грн;Дніпро (Дніпропетровськ) 
Renault Express 2021Zen 1.6 МТ (110 к.с);https://auto.ria.com/newauto/auto-renault-express-1860686.html;   16 471 $   ;447 900 грн;Дніпро (Дніпропетровськ) 
Renault Megane 2021Life New 1.6 МТ (115 к.с);https://auto.ria.com/newauto/auto-renault-megane-1861187.html;   18 692 $   ;508 300 грн;Івано-Франківськ 
Renault Megane 2021Life New 1.5D МТ (110 к.с);https://auto.ria.com/newauto/auto-renault-megane-1861188.html;   20 556 $   ;559 000 грн;Івано-Франківськ 
Renault Express 2021Life 1.6 МТ (110 к.с);https://auto.ria.com/newauto/auto-renault-express-1860681.html;   16 710 $   ;454 400 грн;Дніпро (Дніпропетровськ) 
Renault Sandero StepWay 2021Zen 1.5DСi 5МТ (90 к.с);https://auto.ria.com/newauto/auto-renault-sandero-stepway-1861203.html;   15 894 $   ;432 200 грн;Івано-Франківськ 
Renault Sandero StepWay 2021Life+ 0.9TCe 5РКП (90 к.с);https://auto.ria.com/newauto/auto-renault-sandero-stepway-1861200.html;   15 176 $   ;412 700 грн;Івано-Франківськ 
Renault Express 2021Life 1.5D МТ (95 к.с);https://auto.ria.com/newauto/auto-renault-express-1860683.html;   18 310 $   ;497 900 грн;Дніпро (Дніпропетровськ) 
Renault Express 2021Intense 1.6 МТ (110 к.с);https://auto.ria.com/newauto/auto-renault-express-1860690.html;   17 210 $   ;468 000 грн;Дніпро (Дніпропетровськ) 
Renault Sandero StepWay 2021Life+ 1.5DСi 5МТ (90 к.с);https://auto.ria.com/newauto/auto-renault-sandero-stepway-1861202.html;   15 298 $   ;416 000 грн;Івано-Франківськ 
Renault Express 2021Zen 1.5D МТ (95 к.с);https://auto.ria.com/newauto/auto-renault-express-1860688.html;   18 070 $   ;491 400 грн;Дніпро (Дніпропетровськ) 
Renault Sandero StepWay 2021Zen 0.9TCe 5РКП (90 к.с);https://auto.ria.com/newauto/auto-renault-sandero-stepway-1861201.html;   15 776 $   ;429 000 грн;Івано-Франківськ 
Renault Sandero StepWay 2021Zen 0.9TCe 5MT (90 к.с);https://auto.ria.com/newauto/auto-renault-sandero-stepway-1861199.html;   14 698 $   ;399 700 грн;Івано-Франківськ 
Renault Express 2021Intense 1.5D МТ (95 к.с);https://auto.ria.com/newauto/auto-renault-express-1860692.html;   18 810 $   ;511 500 грн;Дніпро (Дніпропетровськ) 
Renault Express 2021Zen 1.6 МТ (110 к.с);https://auto.ria.com/newauto/auto-renault-express-1860685.html;   17 942 $   ;487 900 грн;Дніпро (Дніпропетровськ) 
Renault Express 2021Life 1.6 МТ (110 к.с);https://auto.ria.com/newauto/auto-renault-express-1860682.html;   15 239 $   ;414 400 грн;Дніпро (Дніпропетровськ) 
Renault Sandero StepWay 2021Life+ 0.9TCe 5MT (90 к.с);https://auto.ria.com/newauto/auto-renault-sandero-stepway-1861198.html;   14 103 $   ;383 500 грн;Івано-Франківськ 
Renault Duster 2021Life 1.6 MT (115 к.с) ГБО AWD;https://auto.ria.com/newauto/auto-renault-duster-1855945.html;   18 751 $   ;509 900 грн;Дніпро (Дніпропетровськ) 
Renault Duster 2021Ultramarine 1.5 D MT (110 к.с) AWD;https://auto.ria.com/newauto/auto-renault-duster-1853373.html;   21 546 $   ;585 900 грн;Дніпро (Дніпропетровськ) 
Renault Duster 2021Life 1.6 MT (115 к.с);https://auto.ria.com/newauto/auto-renault-duster-1853326.html;   15 673 $   ;426 200 грн;Дніпро (Дніпропетровськ) 
Renault Duster 2021Base 1.6 MT (115 к.с);https://auto.ria.com/newauto/auto-renault-duster-1853324.html;   13 941 $   ;379 100 грн;Дніпро (Дніпропетровськ) 
Renault Sandero 2020Life+ 1.5DCi 5MT (90 к.с);https://auto.ria.com/newauto/auto-renault-sandero-1828977.html;   13 470 $   ;366 300 грн;Дніпро (Дніпропетровськ) 
Renault Sandero StepWay 2020Zen 0.9TCe 5РКП (90 к.с);https://auto.ria.com/newauto/auto-renault-sandero-stepway-1837592.html;   14 180 $   ;385 600 грн;Дніпро (Дніпропетровськ) 
Renault Logan 2021Life+ New 0.9 MT (90 к.с);https://auto.ria.com/newauto/auto-renault-logan-1853444.html;   11 646 $   ;316 700 грн;Дніпро (Дніпропетровськ) 
Renault Lodgy 2021Intense 1.5D МТ (90 к.с);https://auto.ria.com/newauto/auto-renault-lodgy-1853437.html;   19 181 $   ;521 600 грн;Дніпро (Дніпропетровськ) 
Renault Megane 2020Zen New 1.5D AТ (110 к.с);https://auto.ria.com/newauto/auto-renault-megane-1829007.html;   22 149 $   ;602 300 грн;Дніпро (Дніпропетровськ) 
Renault Duster 2021Ultramarine 1.5 D EDC (110 к.с);https://auto.ria.com/newauto/auto-renault-duster-1853364.html;   20 950 $   ;569 700 грн;Дніпро (Дніпропетровськ) 
Renault Logan 2021Life+ New 0.9 MT (90 к.с);https://auto.ria.com/newauto/auto-renault-logan-1853443.html;   12 749 $   ;346 700 грн;Дніпро (Дніпропетровськ) 
Renault Duster 2021Life 1.6 MT (115 к.с) AWD;https://auto.ria.com/newauto/auto-renault-duster-1853333.html;   19 166 $   ;521 200 грн;Дніпро (Дніпропетровськ) 
Renault Sandero StepWay 2021Zen 0.9TCe 5РКП (90 к.с);https://auto.ria.com/newauto/auto-renault-sandero-stepway-1853385.html;   15 776 $   ;429 000 грн;Дніпро (Дніпропетровськ) 
Renault Duster 2021Zen 1.6 MT (115 к.с) ГБО;https://auto.ria.com/newauto/auto-renault-duster-1855928.html;   18 854 $   ;512 700 грн;Дніпро (Дніпропетровськ) 
Renault Duster 2021Ultramarine 1.6 MT (115 к.с) ГБО;https://auto.ria.com/newauto/auto-renault-duster-1855932.html;   18 001 $   ;489 500 грн;Дніпро (Дніпропетровськ) 
Renault Sandero StepWay 2020Life+ 1.5DСi 5МТ (90 к.с);https://auto.ria.com/newauto/auto-renault-sandero-stepway-1837594.html;   13 717 $   ;373 000 грн;Дніпро (Дніпропетровськ) 
Renault Duster 2021Ultramarine 1.5 D MT (110 к.с) AWD;https://auto.ria.com/newauto/auto-renault-duster-1853368.html;   23 017 $   ;625 900 грн;Дніпро (Дніпропетровськ) 
Renault Duster 2021Zen 1.5 D MT (110 к.с) AWD;https://auto.ria.com/newauto/auto-renault-duster-1853371.html;   21 788 $   ;592 500 грн;Дніпро (Дніпропетровськ) 
Renault Logan 2021Life+ New 1.5d MT (90 к.с);https://auto.ria.com/newauto/auto-renault-logan-1853456.html;   12 812 $   ;348 400 грн;Дніпро (Дніпропетровськ) 
Renault Logan 2021Life+ New 0.9 AT (90 к.с);https://auto.ria.com/newauto/auto-renault-logan-1853449.html;   13 797 $   ;375 200 грн;Дніпро (Дніпропетровськ) 
Renault Sandero 2021Life+ 0.9TCe 5MT (90 к.с);https://auto.ria.com/newauto/auto-renault-sandero-1853422.html;   11 606 $   ;315 600 грн;Дніпро (Дніпропетровськ) 
Renault Megane 2020Life New 1.5D МТ (110 к.с);https://auto.ria.com/newauto/auto-renault-megane-1829004.html;   19 497 $   ;530 200 грн;Дніпро (Дніпропетровськ) 
Renault Sandero StepWay 2020Ultramarine 1.5DСi 5МТ (90 к.с);https://auto.ria.com/newauto/auto-renault-sandero-stepway-1838281.html;   15 515 $   ;421 900 грн;Дніпро (Дніпропетровськ) 
Renault Duster 2021Life 1.6 MT (115 к.с) ГБО;https://auto.ria.com/newauto/auto-renault-duster-1855927.html;   18 199 $   ;494 900 грн;Дніпро (Дніпропетровськ) 
Renault Sandero StepWay 2021Zen 1.5DСi 5МТ (90 к.с);https://auto.ria.com/newauto/auto-renault-sandero-stepway-1853390.html;   15 894 $   ;432 200 грн;Дніпро (Дніпропетровськ) 
Renault Lodgy 2021Life+ 1.5D МТ (90 к.с);https://auto.ria.com/newauto/auto-renault-lodgy-1829204.html;   17 045 $   ;463 500 грн;Дніпро (Дніпропетровськ) 
Renault Sandero 2020Life+ 1.0 MT (73 к.с);https://auto.ria.com/newauto/auto-renault-sandero-1829211.html;   10 282 $   ;279 600 грн;Дніпро (Дніпропетровськ) 
Renault Sandero StepWay 2021Zen 0.9TCe 5MT (90 к.с);https://auto.ria.com/newauto/auto-renault-sandero-stepway-1853381.html;   14 698 $   ;399 700 грн;Дніпро (Дніпропетровськ) 
Renault Duster 2021Ultramarine 1.6 MT (115 к.с) AWD;https://auto.ria.com/newauto/auto-renault-duster-1853342.html;   19 321 $   ;525 400 грн;Дніпро (Дніпропетровськ) 
Renault Logan 2021Zen New 0.9 AT (90 к.с);https://auto.ria.com/newauto/auto-renault-logan-1853451.html;   14 378 $   ;391 000 грн;Дніпро (Дніпропетровськ) 
Renault Sandero 2021Life+ 1.0 MT (73 к.с) ГБО;https://auto.ria.com/newauto/auto-renault-sandero-1853419.html;   12 698 $   ;345 300 грн;Дніпро (Дніпропетровськ) 
Renault Sandero StepWay 2020Life+ 1.5DСi 5МТ (90 к.с);https://auto.ria.com/newauto/auto-renault-sandero-stepway-1837587.html;   14 820 $   ;403 000 грн;Дніпро (Дніпропетровськ) 
Renault Duster 2021Ultramarine 1.6 MT (115 к.с) ГБО AWD;https://auto.ria.com/newauto/auto-renault-duster-1855947.html;   20 376 $   ;554 100 грн;Дніпро (Дніпропетровськ) 
Renault Duster 2021Intense 1.6 MT (115 к.с) ГБО AWD;https://auto.ria.com/newauto/auto-renault-duster-1855948.html;   20 851 $   ;567 000 грн;Дніпро (Дніпропетровськ) 
Renault Lodgy 2021Life+ 1.5D МТ (90 к.с);https://auto.ria.com/newauto/auto-renault-lodgy-1828995.html;   18 515 $   ;503 500 грн;Дніпро (Дніпропетровськ) 
Renault Duster 2021Intense 1.6 MT (115 к.с) ГБО AWD;https://auto.ria.com/newauto/auto-renault-duster-1855944.html;   22 322 $   ;607 000 грн;Дніпро (Дніпропетровськ) 
Renault Duster 2021Ultramarine 1.5 D MT (110 к.с);https://auto.ria.com/newauto/auto-renault-duster-1853350.html;   19 170 $   ;521 300 грн;Дніпро (Дніпропетровськ) 
Renault Sandero 2021Life+ 1.0 MT (73 к.с) ГБО;https://auto.ria.com/newauto/auto-renault-sandero-1853420.html;   11 595 $   ;315 300 грн;Дніпро (Дніпропетровськ) 
Renault Sandero 2020Life+ 1.0 MT (73 к.с) ГБО;https://auto.ria.com/newauto/auto-renault-sandero-1828971.html;   12 360 $   ;336 100 грн;Дніпро (Дніпропетровськ) 
Renault Lodgy 2021Intense 1.5D МТ (90 к.с);https://auto.ria.com/newauto/auto-renault-lodgy-1853436.html;   20 652 $   ;561 600 грн;Дніпро (Дніпропетровськ) 
Renault Duster 2021Intense 1.5 D EDC (110 к.с);https://auto.ria.com/newauto/auto-renault-duster-1853355.html;   23 524 $   ;639 700 грн;Дніпро (Дніпропетровськ) 
Renault Duster 2021Intense 1.5 D MT (110 к.с) AWD;https://auto.ria.com/newauto/auto-renault-duster-1853374.html;   22 884 $   ;622 300 грн;Дніпро (Дніпропетровськ) 
Renault Duster 2021Intense 1.5 D EDC (110 к.с);https://auto.ria.com/newauto/auto-renault-duster-1853365.html;   22 053 $   ;599 700 грн;Дніпро (Дніпропетровськ) 
Renault Megane 2020Intense New 1.5D AТ (110 к.с);https://auto.ria.com/newauto/auto-renault-megane-1829199.html;   21 910 $   ;595 800 грн;Дніпро (Дніпропетровськ) 
Renault Duster 2021Zen 1.6 MT (115 к.с);https://auto.ria.com/newauto/auto-renault-duster-1853322.html;   17 798 $   ;484 000 грн;Дніпро (Дніпропетровськ) 
Renault Logan 2021Life+ New 1.5d MT (90 к.с);https://auto.ria.com/newauto/auto-renault-logan-1853455.html;   13 915 $   ;378 400 грн;Дніпро (Дніпропетровськ) 
Renault Duster 2021Life 1.6 MT (115 к.с);https://auto.ria.com/newauto/auto-renault-duster-1853321.html;   17 144 $   ;466 200 грн;Дніпро (Дніпропетровськ) 
Renault Sandero 2021Life+ 0.9TCe 5РКП (90 к.с);https://auto.ria.com/newauto/auto-renault-sandero-1853423.html;   13 783 $   ;374 800 грн;Дніпро (Дніпропетровськ) 
Renault Duster 2021Intense 1.5 D MT (110 к.с) AWD;https://auto.ria.com/newauto/auto-renault-duster-1853369.html;   24 355 $   ;662 300 грн;Дніпро (Дніпропетровськ) 
Renault Sandero StepWay 2021Life+ 0.9TCe 5РКП (90 к.с);https://auto.ria.com/newauto/auto-renault-sandero-stepway-1853384.html;   15 176 $   ;412 700 грн;Дніпро (Дніпропетровськ) 
Renault Duster 2021Zen 1.6 MT (115 к.с) ГБО AWD;https://auto.ria.com/newauto/auto-renault-duster-1855946.html;   19 758 $   ;537 300 грн;Дніпро (Дніпропетровськ) 
Renault Duster 2021Zen 1.5 D MT (110 к.с);https://auto.ria.com/newauto/auto-renault-duster-1853349.html;   19 413 $   ;527 900 грн;Дніпро (Дніпропетровськ) 
Renault Duster 2021Zen 1.5 D MT (110 к.с);https://auto.ria.com/newauto/auto-renault-duster-1853346.html;   20 884 $   ;567 900 грн;Дніпро (Дніпропетровськ) 
Renault Sandero StepWay 2021Life+ 1.5DСi 5МТ (90 к.с);https://auto.ria.com/newauto/auto-renault-sandero-stepway-1853393.html;   14 195 $   ;386 000 грн;Дніпро (Дніпропетровськ) 
Renault Sandero StepWay 2021Zen 0.9TCe 5РКП (90 к.с);https://auto.ria.com/newauto/auto-renault-sandero-stepway-1853388.html;   14 673 $   ;399 000 грн;Дніпро (Дніпропетровськ) 
Renault Sandero 2021Life+ 1.5DCi 5MT (90 к.с);https://auto.ria.com/newauto/auto-renault-sandero-1853427.html;   12 801 $   ;348 100 грн;Дніпро (Дніпропетровськ) 
Renault Duster 2021Ultramarine 1.6 MT (115 к.с);https://auto.ria.com/newauto/auto-renault-duster-1853323.html;   18 416 $   ;500 800 грн;Дніпро (Дніпропетровськ) 
Renault Duster 2021Zen 1.5 D MT (110 к.с) AWD;https://auto.ria.com/newauto/auto-renault-duster-1853367.html;   23 259 $   ;632 500 грн;Дніпро (Дніпропетровськ) 
Renault Sandero 2021Life+ 1.5DCi 5MT (90 к.с);https://auto.ria.com/newauto/auto-renault-sandero-1853426.html;   13 904 $   ;378 100 грн;Дніпро (Дніпропетровськ) 
Renault Duster 2021Zen 1.6 MT (115 к.с) ГБО AWD;https://auto.ria.com/newauto/auto-renault-duster-1855942.html;   21 229 $   ;577 300 грн;Дніпро (Дніпропетровськ) 
Renault Duster 2021Ultramarine 1.5 D EDC (110 к.с);https://auto.ria.com/newauto/auto-renault-duster-1853354.html;   22 421 $   ;609 700 грн;Дніпро (Дніпропетровськ) 
Renault Sandero StepWay 2021Zen 1.5DСi 5МТ (90 к.с);https://auto.ria.com/newauto/auto-renault-sandero-stepway-1853394.html;   14 790 $   ;402 200 грн;Дніпро (Дніпропетровськ) 
Renault Duster 2021Life 1.6 MT (115 к.с) ГБО AWD;https://auto.ria.com/newauto/auto-renault-duster-1855941.html;   20 222 $   ;549 900 грн;Дніпро (Дніпропетровськ) 
Renault Duster 2021Life 1.6 MT (115 к.с) AWD;https://auto.ria.com/newauto/auto-renault-duster-1853340.html;   17 695 $   ;481 200 грн;Дніпро (Дніпропетровськ) 
Renault Megane 2020Intense New 1.2 AT (130 к.с);https://auto.ria.com/newauto/auto-renault-megane-1829011.html;   23 693 $   ;644 300 грн;Дніпро (Дніпропетровськ) 
Renault Duster 2021Ultramarine 1.6 MT (115 к.с) ГБО AWD;https://auto.ria.com/newauto/auto-renault-duster-1855943.html;   21 847 $   ;594 100 грн;Дніпро (Дніпропетровськ) 
Renault Duster 2021Ultramarine 1.6 MT (115 к.с);https://auto.ria.com/newauto/auto-renault-duster-1853328.html;   16 945 $   ;460 800 грн;Дніпро (Дніпропетровськ) 
Renault Sandero StepWay 2020Zen 1.5DСi 5МТ (90 к.с);https://auto.ria.com/newauto/auto-renault-sandero-stepway-1837588.html;   15 397 $   ;418 700 грн;Дніпро (Дніпропетровськ) 
Renault Sandero 2021Life+ 1.0 MT (73 к.с);https://auto.ria.com/newauto/auto-renault-sandero-1829209.html;   10 620 $   ;288 800 грн;Дніпро (Дніпропетровськ) 
Renault Sandero 2021Life+ 1.0 MT (73 к.с);https://auto.ria.com/newauto/auto-renault-sandero-1829119.html;   11 723 $   ;318 800 грн;Дніпро (Дніпропетровськ) 
Renault Dokker пасс. 2021Expression 1.6 МТ (84 к.с);https://auto.ria.com/newauto/auto-renault-dokker-pass-1829021.html;   15 827 $   ;430 400 грн;Дніпро (Дніпропетровськ) 
Renault Duster 2021Life 1.5 D EDC (110 к.с);https://auto.ria.com/newauto/auto-renault-duster-1853362.html;   19 953 $   ;542 600 грн;Дніпро (Дніпропетровськ) 
Renault Duster 2021Intense 1.6 MT (115 к.с) AWD;https://auto.ria.com/newauto/auto-renault-duster-1853339.html;   21 266 $   ;578 300 грн;Дніпро (Дніпропетровськ) 
Renault Sandero StepWay 2020Ultramarine 0.9TCe 5РКП (90 к.с);https://auto.ria.com/newauto/auto-renault-sandero-stepway-1838283.html;   14 294 $   ;388 700 грн;Дніпро (Дніпропетровськ) 
Renault Duster 2021Zen 1.6 MT (115 к.с) AWD;https://auto.ria.com/newauto/auto-renault-duster-1853337.html;   20 174 $   ;548 600 грн;Дніпро (Дніпропетровськ) 
Renault Logan 2021Life+ New 1.0 MT (73 к.с);https://auto.ria.com/newauto/auto-renault-logan-1853440.html;   12 190 $   ;331 500 грн;Дніпро (Дніпропетровськ) 
Renault Duster 2020Life 1.5 D MT (110 к.с);https://auto.ria.com/newauto/auto-renault-duster-1829033.html;   19 251 $   ;523 500 грн;Дніпро (Дніпропетровськ) 
Renault Dokker пасс. 2021Expression 1.5D МТ (90 к.с);https://auto.ria.com/newauto/auto-renault-dokker-pass-1853432.html;   19 336 $   ;525 800 грн;Дніпро (Дніпропетровськ) 
Renault Duster 2021Ultramarine 1.5 D MT (110 к.с);https://auto.ria.com/newauto/auto-renault-duster-1853347.html;   20 641 $   ;561 300 грн;Дніпро (Дніпропетровськ) 
Renault Sandero StepWay 2020Ultramarine 1.5DСi 5МТ (90 к.с);https://auto.ria.com/newauto/auto-renault-sandero-stepway-1838284.html;   14 412 $   ;391 900 грн;Дніпро (Дніпропетровськ) 
Renault Dokker пасс. 2021Expression 1.6 МТ (84 к.с);https://auto.ria.com/newauto/auto-renault-dokker-pass-1829023.html;   17 298 $   ;470 400 грн;Дніпро (Дніпропетровськ) 
Renault Duster 2021Base 1.6 MT (115 к.с);https://auto.ria.com/newauto/auto-renault-duster-1853320.html;   15 412 $   ;419 100 грн;Дніпро (Дніпропетровськ) 
Renault Sandero StepWay 2021Life+ 1.5DСi 5МТ (90 к.с);https://auto.ria.com/newauto/auto-renault-sandero-stepway-1853389.html;   15 298 $   ;416 000 грн;Дніпро (Дніпропетровськ) 
Renault Duster 2021Life 1.6 MT (115 к.с) ГБО;https://auto.ria.com/newauto/auto-renault-duster-1856402.html;   16 728 $   ;454 900 грн;Дніпро (Дніпропетровськ) 
Renault Megane 2020Intense New 1.5D AТ (110 к.с);https://auto.ria.com/newauto/auto-renault-megane-1829008.html;   23 748 $   ;645 800 грн;Дніпро (Дніпропетровськ) 
Renault Sandero StepWay 2021Zen 0.9TCe 5MT (90 к.с);https://auto.ria.com/newauto/auto-renault-sandero-stepway-1853383.html;   13 595 $   ;369 700 грн;Дніпро (Дніпропетровськ) 
Renault Duster 2021Zen 1.5 D EDC (110 к.с);https://auto.ria.com/newauto/auto-renault-duster-1853363.html;   20 957 $   ;569 900 грн;Дніпро (Дніпропетровськ) 
Renault Sandero StepWay 2020Zen 0.9TCe 5РКП (90 к.с);https://auto.ria.com/newauto/auto-renault-sandero-stepway-1837586.html;   15 283 $   ;415 600 грн;Дніпро (Дніпропетровськ) 
Renault Duster 2021Ultramarine 1.6 MT (115 к.с) ГБО;https://auto.ria.com/newauto/auto-renault-duster-1855929.html;   19 472 $   ;529 500 грн;Дніпро (Дніпропетровськ) 
Renault Sandero 2020Life+ 1.0 MT (73 к.с);https://auto.ria.com/newauto/auto-renault-sandero-1828970.html;   11 385 $   ;309 600 грн;Дніпро (Дніпропетровськ) 
Renault Megane 2020Intense New 1.2 AT (130 к.с);https://auto.ria.com/newauto/auto-renault-megane-1829202.html;   21 854 $   ;594 300 грн;Дніпро (Дніпропетровськ) 
Renault Sandero StepWay 2021Life+ 0.9TCe 5РКП (90 к.с);https://auto.ria.com/newauto/auto-renault-sandero-stepway-1853386.html;   14 073 $   ;382 700 грн;Дніпро (Дніпропетровськ) 
Renault Sandero StepWay 2021Life+ 0.9TCe 5MT (90 к.с);https://auto.ria.com/newauto/auto-renault-sandero-stepway-1853380.html;   14 103 $   ;383 500 грн;Дніпро (Дніпропетровськ) 
Renault Sandero StepWay 2020Ultramarine 0.9TCe 5РКП (90 к.с);https://auto.ria.com/newauto/auto-renault-sandero-stepway-1838280.html;   15 397 $   ;418 700 грн;Дніпро (Дніпропетровськ) 
Renault Duster 2021Life 1.5 D EDC (110 к.с);https://auto.ria.com/newauto/auto-renault-duster-1853370.html;   21 424 $   ;582 600 грн;Дніпро (Дніпропетровськ) 
Renault Logan 2021Life+ New 1.0 MT (73 к.с);https://auto.ria.com/newauto/auto-renault-logan-1853441.html;   11 087 $   ;301 500 грн;Дніпро (Дніпропетровськ) 
Renault Duster 2021Zen 1.5 D EDC (110 к.с);https://auto.ria.com/newauto/auto-renault-duster-1853353.html;   22 428 $   ;609 900 грн;Дніпро (Дніпропетровськ) 
Renault Megane 2020Life New 1.6 МТ (115 к.с);https://auto.ria.com/newauto/auto-renault-megane-1829000.html;   17 729 $   ;482 100 грн;Дніпро (Дніпропетровськ) 
Renault Logan 2021Zen New 0.9 MT (90 к.с);https://auto.ria.com/newauto/auto-renault-logan-1853445.html;   13 334 $   ;362 600 грн;Дніпро (Дніпропетровськ) 
Renault Logan 2021Life+ New 0.9 AT (90 к.с);https://auto.ria.com/newauto/auto-renault-logan-1853450.html;   12 694 $   ;345 200 грн;Дніпро (Дніпропетровськ) 
Renault Duster 2021Zen 1.6 MT (115 к.с) ГБО;https://auto.ria.com/newauto/auto-renault-duster-1855931.html;   17 383 $   ;472 700 грн;Дніпро (Дніпропетровськ) 
Renault Duster 2021Zen 1.6 MT (115 к.с);https://auto.ria.com/newauto/auto-renault-duster-1853327.html;   16 327 $   ;444 000 грн;Дніпро (Дніпропетровськ) 
Renault Duster 2021Ultramarine 1.6 MT (115 к.с) AWD;https://auto.ria.com/newauto/auto-renault-duster-1853338.html;   20 792 $   ;565 400 грн;Дніпро (Дніпропетровськ) 
Renault Megane 2020Zen New 1.5D AТ (110 к.с);https://auto.ria.com/newauto/auto-renault-megane-1829198.html;   20 310 $   ;552 300 грн;Дніпро (Дніпропетровськ) 
Renault Sandero StepWay 2020Zen 1.5DСi 5МТ (90 к.с);https://auto.ria.com/newauto/auto-renault-sandero-stepway-1837595.html;   14 294 $   ;388 700 грн;Дніпро (Дніпропетровськ) 
Renault Duster 2021Intense 1.6 MT (115 к.с) AWD;https://auto.ria.com/newauto/auto-renault-duster-1853344.html;   19 795 $   ;538 300 грн;Дніпро (Дніпропетровськ) 
Renault Duster 2021Life 1.5 D MT (110 к.с);https://auto.ria.com/newauto/auto-renault-duster-1853345.html;   19 876 $   ;540 500 грн;Дніпро (Дніпропетровськ) 
Renault Sandero 2021Life+ 0.9TCe 5MT (90 к.с);https://auto.ria.com/newauto/auto-renault-sandero-1853421.html;   12 709 $   ;345 600 грн;Дніпро (Дніпропетровськ) 
Renault Duster 2021Zen 1.6 MT (115 к.с) AWD;https://auto.ria.com/newauto/auto-renault-duster-1853341.html;   18 703 $   ;508 600 грн;Дніпро (Дніпропетровськ) 
Renault Sandero 2020Life+ 1.5DCi 5MT (90 к.с);https://auto.ria.com/newauto/auto-renault-sandero-1857301.html;   12 367 $   ;336 300 грн;Дніпро (Дніпропетровськ) 
Renault Master груз. 2020Double Cab 2.3D MT (165 к.с) L4H1 4500;https://auto.ria.com/newauto/auto-renault-master-gruz-1847429.html;   42 657 $   ;1 160 000 грн;Харків 
Renault Arkana 2021Zen 1.6 MT (114 к.с) 4WD;https://auto.ria.com/newauto/auto-renault-arkana-1853297.html;   20 626 $   ;560 900 грн;Дніпро (Дніпропетровськ) 
Renault Arkana 2020Life 1.6 CVT (114 к.с);https://auto.ria.com/newauto/auto-renault-arkana-1847430.html;   19 060 $   ;518 300 грн;Дніпро (Дніпропетровськ) 
Renault Arkana 2020Intense 1.3 TCe CVT (150 к.с) 4WD;https://auto.ria.com/newauto/auto-renault-arkana-1847442.html;   25 995 $   ;706 900 грн;Дніпро (Дніпропетровськ) 
Renault Arkana 2021Life 1.6 CVT (114 к.с);https://auto.ria.com/newauto/auto-renault-arkana-1853294.html;   18 655 $   ;507 300 грн;Дніпро (Дніпропетровськ) 
Renault Arkana 2021Life 1.6i MT (114 к.с);https://auto.ria.com/newauto/auto-renault-arkana-1853288.html;   19 016 $   ;517 100 грн;Дніпро (Дніпропетровськ) 
Renault Arkana 2020Intense+ 1.3 TCe CVT (150 к.с);https://auto.ria.com/newauto/auto-renault-arkana-1847438.html;   25 712 $   ;699 200 грн;Дніпро (Дніпропетровськ) 
Renault Arkana 2020Intense+ 1.3 TCe CVT (150 к.с);https://auto.ria.com/newauto/auto-renault-arkana-1847441.html;   23 873 $   ;649 200 грн;Дніпро (Дніпропетровськ) 
Renault Arkana 2021Life 1.6 CVT (114 к.с);https://auto.ria.com/newauto/auto-renault-arkana-1853292.html;   20 494 $   ;557 300 грн;Дніпро (Дніпропетровськ) 
Renault Arkana 2020Intense 1.3 TCe CVT (150 к.с);https://auto.ria.com/newauto/auto-renault-arkana-1847440.html;   21 891 $   ;595 300 грн;Дніпро (Дніпропетровськ) 
Renault Arkana 2021Zen 1.6i MT (114 к.с);https://auto.ria.com/newauto/auto-renault-arkana-1853289.html;   20 001 $   ;543 900 грн;Дніпро (Дніпропетровськ) 
Renault Arkana 2020Zen 1.3 TCe CVT (150 к.с);https://auto.ria.com/newauto/auto-renault-arkana-1847436.html;   21 983 $   ;597 800 грн;Дніпро (Дніпропетровськ) 
Renault Arkana 2021Intense 1.3 TCe CVT (150 к.с);https://auto.ria.com/newauto/auto-renault-arkana-1853304.html;   23 954 $   ;651 400 грн;Дніпро (Дніпропетровськ) 
Renault Arkana 2021Intense 1.3 TCe CVT (150 к.с) 4WD;https://auto.ria.com/newauto/auto-renault-arkana-1853310.html;   26 418 $   ;718 400 грн;Дніпро (Дніпропетровськ) 
Renault Arkana 2021Intense 1.3 TCe CVT (150 к.с);https://auto.ria.com/newauto/auto-renault-arkana-1853301.html;   25 793 $   ;701 400 грн;Дніпро (Дніпропетровськ) 
Renault Arkana 2020Zen 1.3 TCe CVT (150 к.с);https://auto.ria.com/newauto/auto-renault-arkana-1847439.html;   20 145 $   ;547 800 грн;Дніпро (Дніпропетровськ) 
Renault Arkana 2020Zen 1.6 CVT (114 к.с);https://auto.ria.com/newauto/auto-renault-arkana-1847433.html;   18 137 $   ;493 200 грн;Дніпро (Дніпропетровськ) 
Renault Arkana 2020Intense+ 1.3 TCe CVT (150 к.с) 4WD;https://auto.ria.com/newauto/auto-renault-arkana-1847443.html;   27 977 $   ;760 800 грн;Дніпро (Дніпропетровськ) 
Renault Arkana 2021Zen 1.6 CVT (114 к.с);https://auto.ria.com/newauto/auto-renault-arkana-1853295.html;   19 641 $   ;534 100 грн;Дніпро (Дніпропетровськ) 
Renault Arkana 2021Zen 1.6 MT (114 к.с) 4WD;https://auto.ria.com/newauto/auto-renault-arkana-1853296.html;   22 465 $   ;610 900 грн;Дніпро (Дніпропетровськ) 
Renault Arkana 2021Zen 1.6 CVT (114 к.с);https://auto.ria.com/newauto/auto-renault-arkana-1853293.html;   21 479 $   ;584 100 грн;Дніпро (Дніпропетровськ) 
Renault Arkana 2020Intense+ 1.3 TCe CVT (150 к.с) 4WD;https://auto.ria.com/newauto/auto-renault-arkana-1847445.html;   26 139 $   ;710 800 грн;Дніпро (Дніпропетровськ) 
Renault Arkana 2020Intense 1.3 TCe CVT (150 к.с);https://auto.ria.com/newauto/auto-renault-arkana-1847437.html;   23 730 $   ;645 300 грн;Дніпро (Дніпропетровськ) 
Renault Arkana 2020Intense 1.3 TCe CVT (150 к.с) 4WD;https://auto.ria.com/newauto/auto-renault-arkana-1847444.html;   24 157 $   ;656 900 грн;Дніпро (Дніпропетровськ) 
Renault Arkana 2021Life 1.6i MT (114 к.с);https://auto.ria.com/newauto/auto-renault-arkana-1853290.html;   17 177 $   ;467 100 грн;Дніпро (Дніпропетровськ) 
Renault Arkana 2021Zen 1.6i MT (114 к.с);https://auto.ria.com/newauto/auto-renault-arkana-1853291.html;   18 162 $   ;493 900 грн;Дніпро (Дніпропетровськ) 
Renault Arkana 2021Intense 1.3 TCe CVT (150 к.с) 4WD;https://auto.ria.com/newauto/auto-renault-arkana-1853307.html;   28 257 $   ;768 400 грн;Дніпро (Дніпропетровськ) 
Renault Arkana 2020Zen 1.6 CVT (114 к.с);https://auto.ria.com/newauto/auto-renault-arkana-1847431.html;   19 975 $   ;543 200 грн;Дніпро (Дніпропетровськ) 
Renault Master груз. 2021PFG 1L324 H6 2.3D MT (125 к.с) L3H2 3500;https://auto.ria.com/newauto/auto-renault-master-gruz-1852954.html;   32 839 $   ;893 000 грн;Луцьк 
Renault Megane 2020Life New 1.6 МТ (115 к.с);https://auto.ria.com/newauto/auto-renault-megane-1858402.html;   17 725 $   ;482 000 грн;Луцьк 
Renault Lodgy 2021Intense 1.5D МТ (90 к.с);https://auto.ria.com/newauto/auto-renault-lodgy-1862351.html;   21 174 $   ;575 799 грн;Київ 
Renault Sandero 2021Life+ 1.5DCi 5MT (90 к.с);https://auto.ria.com/newauto/auto-renault-sandero-1856612.html;   14 046 $   ;381 966 грн;Київ 
Renault Dokker груз. 2020Authentique 1.5D MT (90 к.с);https://auto.ria.com/newauto/auto-renault-dokker-gruz-1858275.html;   17 284 $   ;470 000 грн;Луцьк 
Renault Kadjar 2021Zen 1.5 DCi EDC6 (110 к.с);https://auto.ria.com/newauto/auto-renault-kadjar-1861036.html;   27 666 $   ;752 332 грн;Київ 
Renault Megane 2020Life New 1.6 МТ (115 к.с);https://auto.ria.com/newauto/auto-renault-megane-1853938.html;   17 729 $   ;482 100 грн;Київ 
Renault Sandero StepWay 2021Zen 0.9TCe 5РКП (90 к.с);https://auto.ria.com/newauto/auto-renault-sandero-stepway-1860125.html;   16 608 $   ;451 631 грн;Київ 
Renault Arkana 2020Intense 1.3 TCe CVT (150 к.с) 4WD;https://auto.ria.com/newauto/auto-renault-arkana-1847051.html;   27 209 $   ;739 898 грн;Київ 
Renault Duster 2021Life 1.6 MT (115 к.с);https://auto.ria.com/newauto/auto-renault-duster-1858434.html;   17 679 $   ;480 765 грн;Луцьк 
Renault Logan 2021Life+ New 1.5d MT (90 к.с);https://auto.ria.com/newauto/auto-renault-logan-1858802.html;   13 941 $   ;379 100 грн;Київ 
Renault Master груз. 20212.3D MT (125 к.с) L3H2 3500;https://auto.ria.com/newauto/auto-renault-master-gruz-1862835.html;   30 849 $   ;838 900 грн;Луцьк 
Renault Sandero StepWay 20200.9TCe 5РКП (90 к.с) Stepway+;https://auto.ria.com/newauto/auto-renault-sandero-stepway-1858683.html;   15 570 $   ;423 399 грн;Луцьк 
Renault Sandero 2021Life+ 1.0 MT (73 к.с);https://auto.ria.com/newauto/auto-renault-sandero-1856171.html;   12 981 $   ;353 000 грн;Запоріжжя 
Renault Logan 2021Life+ New 1.0 MT (73 к.с);https://auto.ria.com/newauto/auto-renault-logan-1858384.html;   12 577 $   ;342 000 грн;Запоріжжя 
Renault Logan 2020Life+ New 1.5d MT (90 к.с);https://auto.ria.com/newauto/auto-renault-logan-1856662.html;   14 342 $   ;390 000 грн;Луцьк 
Renault Kadjar 2021Zen 1.5 DCi EDC6 (110 к.с);https://auto.ria.com/newauto/auto-renault-kadjar-1860629.html;   27 580 $   ;750 000 грн;Луцьк 
Renault Sandero StepWay 2021Zen 1.5DСi 5МТ (90 к.с);https://auto.ria.com/newauto/auto-renault-sandero-stepway-1826123.html;   16 695 $   ;454 000 грн;Запоріжжя 
Renault Logan 2021Zen New 1.5d MT (90 к.с);https://auto.ria.com/newauto/auto-renault-logan-1844909.html;   15 221 $   ;413 900 грн;Запоріжжя 
Renault Kadjar 2020Life 1.2 TCe 6MT (130 к.с);https://auto.ria.com/newauto/auto-renault-kadjar-1859441.html;   19 968 $   ;543 000 грн;Луцьк 
Renault Duster 2021Life 1.5 D MT (110 к.с) AWD;https://auto.ria.com/newauto/auto-renault-duster-1859491.html;   22 252 $   ;605 100 грн;Луцьк 
Renault Sandero StepWay 2021Life+ 1.5DСi 5МТ (90 к.с);https://auto.ria.com/newauto/auto-renault-sandero-stepway-1857613.html;   15 324 $   ;416 700 грн;Запоріжжя 
Renault Duster 2021Ultramarine 1.5 D MT (110 к.с) AWD;https://auto.ria.com/newauto/auto-renault-duster-1860713.html;   23 351 $   ;635 000 грн;Луцьк 
Renault Duster 2021Life 1.6 MT (115 к.с);https://auto.ria.com/newauto/auto-renault-duster-1860780.html;   17 136 $   ;466 000 грн;Луцьк 
Renault Logan 2021Life+ New 0.9 MT (90 к.с);https://auto.ria.com/newauto/auto-renault-logan-1861967.html;   12 749 $   ;346 700 грн;Київ 
Renault Lodgy 2021Zen 1.5D МТ (90 к.с);https://auto.ria.com/newauto/auto-renault-lodgy-1859598.html;   19 913 $   ;541 500 грн;Київ 
Renault Sandero StepWay 2021Zen 1.5DСi 5МТ (90 к.с);https://auto.ria.com/newauto/auto-renault-sandero-stepway-1862838.html;   16 726 $   ;454 831 грн;Київ 
Renault Kadjar 2021Intense 1.5 DCi EDC6 (110 к.с);https://auto.ria.com/newauto/auto-renault-kadjar-1860887.html;   29 673 $   ;806 900 грн;Київ 
Renault Arkana 2021Life 1.6i MT (114 к.с);https://auto.ria.com/newauto/auto-renault-arkana-1857331.html;   19 269 $   ;524 000 грн;Запоріжжя 
Renault Duster 2021Life 1.6 MT (115 к.с);https://auto.ria.com/newauto/auto-renault-duster-1858836.html;   17 144 $   ;466 200 грн;Київ 
Renault Arkana 2020Intense 1.3 TCe CVT (150 к.с);https://auto.ria.com/newauto/auto-renault-arkana-1857476.html;   23 351 $   ;635 000 грн;Київ 
Renault Trafic пасс. 2021Individual 1.6D MT (140 к.с) L2H1;https://auto.ria.com/newauto/auto-renault-trafic-pass-1862305.html;   36 495 $   ;992 427 грн;Київ 
Renault Dokker груз. 2021Authentique 1.6 MT (80 к.с);https://auto.ria.com/newauto/auto-renault-dokker-gruz-1860766.html;   14 863 $   ;404 165 грн;Київ 
Renault Logan 2021Life+ New 1.0 MT (73 к.с);https://auto.ria.com/newauto/auto-renault-logan-1858216.html;   12 025 $   ;327 000 грн;Київ 
Renault Sandero 2021Life+ 0.9TCe 5MT (90 к.с);https://auto.ria.com/newauto/auto-renault-sandero-1859775.html;   12 709 $   ;345 600 грн;Київ 
Renault Sandero StepWay 2021Zen 1.5DСi 5МТ (90 к.с);https://auto.ria.com/newauto/auto-renault-sandero-stepway-1859492.html;   16 726 $   ;454 831 грн;Київ 
Renault Sandero 2021Life+ 1.5DCi 5MT (90 к.с);https://auto.ria.com/newauto/auto-renault-sandero-1856565.html;   13 904 $   ;378 100 грн;Київ 
Renault Sandero 2021Life+ 1.0 MT (73 к.с);https://auto.ria.com/newauto/auto-renault-sandero-1859630.html;   11 749 $   ;319 500 грн;Запоріжжя 
Renault Sandero StepWay 2021Life+ 1.5DСi 5МТ (90 к.с);https://auto.ria.com/newauto/auto-renault-sandero-stepway-1857614.html;   15 691 $   ;426 700 грн;Запоріжжя 
Renault Logan 2021Life+ New 1.5d MT (90 к.с);https://auto.ria.com/newauto/auto-renault-logan-1859767.html;   14 440 $   ;392 665 грн;Запоріжжя 
Renault Duster 2021Zen 1.6 MT (115 к.с);https://auto.ria.com/newauto/auto-renault-duster-1818404.html;   18 975 $   ;516 000 грн;Запоріжжя 
Renault Sandero 2021Life+ 1.0 MT (73 к.с);https://auto.ria.com/newauto/auto-renault-sandero-1859631.html;   12 248 $   ;333 065 грн;Запоріжжя 
Renault Logan 2021Life+ New 1.0 MT (73 к.с);https://auto.ria.com/newauto/auto-renault-logan-1862044.html;   12 577 $   ;342 000 грн;Запоріжжя 
Renault Logan 2021Life+ New 1.5d MT (90 к.с);https://auto.ria.com/newauto/auto-renault-logan-1857342.html;   14 440 $   ;392 665 грн;Запоріжжя 
Renault Sandero 2021Life+ 1.0 MT (73 к.с);https://auto.ria.com/newauto/auto-renault-sandero-1862042.html;   12 540 $   ;341 000 грн;Запоріжжя 
Renault Sandero 2021Life+ 1.0 MT (73 к.с);https://auto.ria.com/newauto/auto-renault-sandero-1840463.html;   11 749 $   ;319 500 грн;Запоріжжя 
Renault Sandero StepWay 2021Zen 1.5DСi 5МТ (90 к.с);https://auto.ria.com/newauto/auto-renault-sandero-stepway-1857615.html;   16 725 $   ;454 800 грн;Запоріжжя 
Renault Sandero StepWay 2021Zen 0.9TCe 5РКП (90 к.с);https://auto.ria.com/newauto/auto-renault-sandero-stepway-1837056.html;   16 608 $   ;451 631 грн;Запоріжжя 
Renault Duster 2021Life 1.6 MT (115 к.с);https://auto.ria.com/newauto/auto-renault-duster-1813420.html;   17 798 $   ;484 000 грн;Запоріжжя 
Renault Logan 2021Life+ New 1.5d MT (90 к.с);https://auto.ria.com/newauto/auto-renault-logan-1831954.html;   13 941 $   ;379 100 грн;Запоріжжя 
Renault Sandero StepWay 2021Life+ 1.5DСi 5МТ (90 к.с);https://auto.ria.com/newauto/auto-renault-sandero-stepway-1857337.html;   15 324 $   ;416 700 грн;Запоріжжя 
Renault Express 2021Intense 1.6 МТ (110 к.с);https://auto.ria.com/newauto/auto-renault-express-1862028.html;   18 681 $   ;508 000 грн;Київ 
Renault Sandero StepWay 2021Life+ 1.5DСi 5МТ (90 к.с);https://auto.ria.com/newauto/auto-renault-sandero-stepway-1862027.html;   15 298 $   ;416 000 грн;Київ 
Renault Lodgy 2021Zen 1.5D МТ (90 к.с);https://auto.ria.com/newauto/auto-renault-lodgy-1861448.html;   20 317 $   ;552 499 грн;Київ 
Renault Sandero StepWay 2021Zen 1.5DСi 5МТ (90 к.с);https://auto.ria.com/newauto/auto-renault-sandero-stepway-1857336.html;   16 358 $   ;444 832 грн;Запоріжжя 
Renault Sandero StepWay 2021Life+ 0.9TCe 5MT (90 к.с);https://auto.ria.com/newauto/auto-renault-sandero-stepway-1860714.html;   14 673 $   ;399 000 грн;Луцьк 
Renault Kadjar 2021Intense 1.5 DCi EDC6 (110 к.с);https://auto.ria.com/newauto/auto-renault-kadjar-1840765.html;   29 823 $   ;811 000 грн;Запоріжжя 
Renault Sandero StepWay 2021Life+ 1.5DСi 5МТ (90 к.с);https://auto.ria.com/newauto/auto-renault-sandero-stepway-1838252.html;   15 691 $   ;426 699 грн;Запоріжжя 
Renault Logan 2021Zen New 1.5d MT (90 к.с);https://auto.ria.com/newauto/auto-renault-logan-1859770.html;   15 223 $   ;413 965 грн;Запоріжжя 
Renault Master груз. 2021TFG 1 223 D6 2.3D MT (125 к.с) L2H2 3500;https://auto.ria.com/newauto/auto-renault-master-gruz-1859056.html;   31 892 $   ;867 264 грн;Київ 
Renault Logan 2021Zen New 1.5d MT (90 к.с);https://auto.ria.com/newauto/auto-renault-logan-1844906.html;   15 223 $   ;413 965 грн;Запоріжжя 
Renault Sandero StepWay 2021Zen 1.5DСi 5МТ (90 к.с);https://auto.ria.com/newauto/auto-renault-sandero-stepway-1860151.html;   16 695 $   ;454 000 грн;Запоріжжя 
Renault Arkana 2020Intense 1.3 TCe CVT (150 к.с) 4WD;https://auto.ria.com/newauto/auto-renault-arkana-1862048.html;   25 815 $   ;702 000 грн;Запоріжжя 
Renault Express 2021Life 1.6 МТ (110 к.с);https://auto.ria.com/newauto/auto-renault-express-1861101.html;   16 710 $   ;454 400 грн;Київ 
Renault Sandero StepWay 2021Life+ 1.5DСi 5МТ (90 к.с);https://auto.ria.com/newauto/auto-renault-sandero-stepway-1838255.html;   15 691 $   ;426 699 грн;Запоріжжя 
Renault Dokker пасс. 2021Expression 1.5D МТ (90 к.с);https://auto.ria.com/newauto/auto-renault-dokker-pass-1860529.html;   19 306 $   ;525 000 грн;Київ 
Renault Master груз. 2021TFG 1 333 D6 2.3D MT (125 к.с) L3H3 3500;https://auto.ria.com/newauto/auto-renault-master-gruz-1859734.html;   33 390 $   ;908 000 грн;Запоріжжя 
